,name,kda
0,- ah fu -,3.0
1,- ah fu -,3.75
2,- ah fu -,1.1111111111111112
3,- ah fu -,1.7777777777777777
4,- ah fu -,6.0
5,- ah fu -,0.9230769230769231
6,- ah fu -,0.7
7,- ah fu -,3.7142857142857144
8,- ah fu -,4.0
9,- ah fu -,2.8
10,- ah fu -,2.5714285714285716
11,- ah fu -,1.4615384615384615
12,0ld_AKyJlbi4,6.333333333333333
13,0ld_AKyJlbi4,0.5454545454545454
14,123,6.0
15,123,0.5
16,123,0.25
17,1301,2.5
18,1301,0.5
19,1301,1.8333333333333333
20,1301,1.5
21,1301,2.5714285714285716
22,1301,2.1666666666666665
23,1437,4.25
24,1437,1.2307692307692308
25,1437,1.1666666666666667
26,1437,4.0
27,1437,1.0
28,1437,3.0
29,1437,0.75
30,1437,1.2
31,1437,5.5
32,1437,3.375
33,1437,4.666666666666667
34,1437,3.2
35,1437,1.375
36,1437,8.0
37,1437,2.75
38,33,8.666666666666666
39,33,6.0
40,33,0.8571428571428571
41,33,2.0
42,33,1.2857142857142858
43,33,8.333333333333334
44,33,6.0
45,33,3.5
46,33,1.8181818181818181
47,33,3.0
48,33,5.5
49,33,4.375
50,33,1.2
51,33,1.0
52,33,5.333333333333333
53,33,6.5
54,33,3.75
55,33,1.8
56,33,5.0
57,33,2.7142857142857144
58,33,7.25
59,33,1.1428571428571428
60,33,10.0
61,33,1.7272727272727273
62,33,0.7777777777777778
63,33,0.75
64,33,3.8333333333333335
65,33,3.8
66,33,1.1111111111111112
67,33,21.0
68,33,2.5555555555555554
69,33,4.75
70,33,9.5
71,33,2.0
72,33,1.8333333333333333
73,33,2.142857142857143
74,33,10.0
75,33,7.333333333333333
76,33,10.0
77,33,0.875
78,343,2.5555555555555554
79,343,3.857142857142857
80,343,2.8461538461538463
81,343,3.4285714285714284
82,343,2.5
83,343,7.5
84,343,6.5
85,343,0.4
86,343,2.3333333333333335
87,343,2.75
88,343,3.5
89,343,0.125
90,343,1.2105263157894737
91,430,5.75
92,430,4.8
93,430,0.6
94,458,5.666666666666667
95,458,1.5555555555555556
96,458,0.16666666666666666
97,458,0.7272727272727273
98,458,2.5714285714285716
99,458,6.0
100,458,2.142857142857143
101,458,3.4
102,458,0.7777777777777778
103,458,5.0
104,458,1.6666666666666667
105,458,3.6666666666666665
106,458,3.0
107,458,9.5
108,458,4.666666666666667
109,4dr <3 Déia,3.1666666666666665
110,4dr <3 Déia,3.6666666666666665
111,4dr <3 Déia,16.0
112,4dr <3 Déia,6.0
113,4dr <3 Déia,23.0
114,4dr <3 Déia,4.0
115,4dr <3 Déia,5.2
116,4dr <3 Déia,1.25
117,4dr <3 Déia,6.0
118,4dr <3 Déia,2.4
119,4dr <3 Déia,16.0
120,4dr <3 Déia,4.166666666666667
121,4dr <3 Déia,5.5
122,4dr <3 Déia,2.6666666666666665
123,4dr <3 Déia,5.166666666666667
124,4dr <3 Déia,2.2
125,4dr <3 Déia,6.0
126,4dr <3 Déia,2.3
127,4dr <3 Déia,8.5
128,4dr <3 Déia,4.222222222222222
129,633,3.0
130,633,3.7777777777777777
131,633,3.0
132,633,2.75
133,633,4.6
134,633,2.1666666666666665
135,633,3.625
136,633,1.6
137,633,2.5
138,633,1.3636363636363635
139,633,4.6
140,633,2.8
141,633,3.0
142,633,6.5
143,633,1.5
144,9pasha,1.0
145,9pasha,2.2857142857142856
146,9pasha,3.1666666666666665
147,9pasha,4.6
148,9pasha,4.2
149,9pasha,2.0
150,9pasha,4.0
151,9pasha,10.666666666666666
152,9pasha,6.0
153,9pasha,4.75
154,9pasha,2.4285714285714284
155,9pasha,1.0
156,9pasha,2.2
157,9pasha,10.5
158,9pasha,5.333333333333333
159,9pasha,5.0
160,9pasha,6.0
161,9pasha,2.4444444444444446
162,9pasha,5.6
163,9pasha,7.0
164,9pasha,13.0
165,9pasha,1.25
166,9pasha,11.0
167,9pasha,22.0
168,9pasha,2.75
169,@dogf1ghts,2.2
170,@dogf1ghts,1.4166666666666667
171,@dogf1ghts,0.16666666666666666
172,ARMEL,3.2
173,ARMEL,5.75
174,ARMEL,7.666666666666667
175,ARMEL,5.4
176,ARMEL,13.5
177,ARMEL,10.5
178,ARMEL,2.4285714285714284
179,ARMEL,1.6666666666666667
180,ARMEL,9.333333333333334
181,ARMEL,0.75
182,ARMEL,10.5
183,ARMEL,5.8
184,ARMEL,7.0
185,ARMEL,12.0
186,ARMEL,6.6
187,ARMEL,1.5
188,ARMEL,1.25
189,ARMEL,6.666666666666667
190,ARMEL,1.6
191,ARMEL,2.0
192,ARMEL,1.1666666666666667
193,ARMEL,4.75
194,ARMEL,2.4
195,ARMEL,1.2857142857142858
196,ARMEL,6.666666666666667
197,ARMEL,0.75
198,ARMEL,1.75
199,ARMEL,7.666666666666667
200,ARMEL,1.7142857142857142
201,ARMEL,6.75
202,ARMEL,1.1818181818181819
203,AWF,0.8
204,AWF,2.230769230769231
205,AWF,2.8
206,AWF,3.4
207,AWF,3.8333333333333335
208,AWF,0.4166666666666667
209,AWF,1.5
210,AWF,4.2
211,AWF,2.2
212,AWF,3.0
213,AWF,6.333333333333333
214,AWF,1.2222222222222223
215,AWF,0.7142857142857143
216,AWF,0.5294117647058824
217,AWF,0.46153846153846156
218,AWF,3.1666666666666665
219,AWF,1.6666666666666667
220,AWF,3.6
221,AWF,2.3636363636363638
222,AWF,2.3333333333333335
223,AWF,2.727272727272727
224,AWF,3.75
225,AWF,1.0
226,AWF,0.5
227,AWF,6.2
228,AWF,0.625
229,AWF,1.0
230,AWF,1.9230769230769231
231,AWF,0.46153846153846156
232,AWF,0.7692307692307693
233,Abed,6.0
234,Abed,7.5
235,Abed,3.625
236,Abed,5.666666666666667
237,Abed,6.25
238,Abed,1.8
239,Abed,2.6666666666666665
240,Abed,2.25
241,Abed,3.75
242,Abed,4.0
243,Abed,11.333333333333334
244,Abed,6.0
245,Abed,5.0
246,Abed,7.666666666666667
247,Abed,2.6666666666666665
248,Abed,1.0
249,Abed,2.0
250,Abed,1.2
251,Abed,0.6666666666666666
252,Abed,8.333333333333334
253,Abed,10.0
254,Abed,9.666666666666666
255,Abed,24.0
256,Abed,11.5
257,Abed,2.4
258,Abed,3.25
259,Abed,4.666666666666667
260,Abed,1.1666666666666667
261,Accel丶Koala,0.5
262,Accel丶Koala,0.14285714285714285
263,Accel丶Koala,1.0
264,Accel丶Koala,0.375
265,Ace,3.0
266,Ace,1.5714285714285714
267,Ace,16.0
268,Ace,4.0
269,Ace,2.875
270,Ace,2.625
271,Ace,5.6
272,Ace,4.0
273,Ace,4.142857142857143
274,Ace,1.0
275,Ace,5.2
276,Ace,1.0
277,Ace,1.2857142857142858
278,Ace,1.9285714285714286
279,Ace,1.8888888888888888
280,Ace,7.0
281,Ace,5.666666666666667
282,Ace,11.5
283,Ace,2.142857142857143
284,Ace,1.5714285714285714
285,Ace,11.0
286,Ace,8.0
287,Ace,6.666666666666667
288,Ace,2.625
289,Ace,10.5
290,Ace,0.8571428571428571
291,Ameame,3.125
292,Ameame,5.333333333333333
293,Ameame,5.0
294,Ameame,1.7777777777777777
295,Ameame,1.8888888888888888
296,Ameame,9.5
297,Ameame,13.0
298,Ameame,3.4
299,Ameame,3.2
300,Ameame,4.0
301,Ameame,2.2
302,Ameame,5.333333333333333
303,Ameame,5.4
304,Ameame,1.7777777777777777
305,Ameame,0.75
306,Ameame,1.75
307,Ameame,2.4
308,Ameame,0.8
309,Ameame,3.3333333333333335
310,Ameame,9.0
311,Ameame,6.0
312,Ameame,1.8571428571428572
313,Ameame,6.4
314,Ameame,2.0
315,Ameame,5.4
316,Ameame,9.0
317,Ameame,2.142857142857143
318,Ameame,17.0
319,Ameame,7.2
320,Ameame,3.0
321,Archangel,3.3333333333333335
322,Archangel,2.0833333333333335
323,Archangel,2.7777777777777777
324,Archangel,0.8
325,Archangel,1.5
326,Archangel,4.333333333333333
327,Archangel,3.4285714285714284
328,Archangel,4.875
329,Archangel,1.3333333333333333
330,Archangel,1.125
331,Archangel,3.75
332,Archangel,2.4285714285714284
333,Archangel,3.5
334,Archangel,11.5
335,Archangel,6.25
336,Archangel,4.166666666666667
337,Archangel,0.4
338,Archangel,4.75
339,Archangel,8.5
340,Archangel,3.4
341,Archangel,1.0
342,Archangel,4.0
343,Archangel,3.6666666666666665
344,Archangel,4.666666666666667
345,Archangel,3.857142857142857
346,Archangel,2.3333333333333335
347,Archangel,3.375
348,Archangel,10.0
349,Archangel,5.25
350,Archangel,1.3333333333333333
351,Archangel,5.8
352,AtuunN,3.125
353,AtuunN,0.16666666666666666
354,AtuunN,9.5
355,AtuunN,0.7777777777777778
356,AtuunN,5.0
357,AtuunN,2.888888888888889
358,AtuunN,4.0
359,AtuunN,14.0
360,AtuunN,14.0
361,AtuunN,4.0
362,AtuunN,3.0
363,BSJ,1.0
364,BSJ,3.0
365,BSJ,3.8333333333333335
366,BSJ,1.8571428571428572
367,BSJ,5.125
368,BSJ,0.6
369,BSJ,0.6666666666666666
370,BaiduKING,3.75
371,BaiduKING,0.5
372,BaiduKING,2.0
373,BaiduKING,1.0
374,BaiduKING,1.5
375,BaiduKING,3.5
376,BaiduKING,0.5
377,BaiduKING,3.4285714285714284
378,Bashruk,2.1666666666666665
379,Bashruk,1.3636363636363635
380,Bashruk,2.0
381,Bashruk,2.5454545454545454
382,Bashruk,1.1111111111111112
383,Bashruk,7.25
384,Bashruk,0.5714285714285714
385,Benjaz,5.166666666666667
386,Benjaz,2.6666666666666665
387,Benjaz,5.666666666666667
388,Benjaz,2.6
389,Benjaz,2.0
390,Benjaz,1.2
391,Benjaz,20.0
392,Benjaz,0.25
393,Benjaz,5.333333333333333
394,Biryu,3.3333333333333335
395,Biryu,1.5
396,Biryu,1.6666666666666667
397,Biryu,0.5
398,Biryu,2.142857142857143
399,Biryu,1.1428571428571428
400,Biver,4.6
401,Biver,0.0
402,Biver,2.8
403,Biver,3.4285714285714284
404,Biver,3.0
405,Biver,5.25
406,Biver,2.5
407,Biver,0.42857142857142855
408,Biver,4.4
409,Biver,2.8333333333333335
410,Biver,6.25
411,Black^,23.0
412,Black^,12.0
413,Black^,14.0
414,Black^,1.4
415,Black^,2.3333333333333335
416,Black^,7.333333333333333
417,Black^,1.5
418,Black^,0.5714285714285714
419,Black^,2.4285714285714284
420,Black^,1.4285714285714286
421,Black^,1.1666666666666667
422,Black^,4.833333333333333
423,Blizzy,1.0
424,BoBoKa,11.5
425,BoBoKa,1.6
426,BoBoKa,1.5
427,BoBoKa,2.125
428,BoBoKa,5.333333333333333
429,BoBoKa,7.4
430,BoBoKa,1.5
431,BoBoKa,2.6
432,BoBoKa,0.6153846153846154
433,BoBoKa,8.666666666666666
434,BoBoKa,3.4285714285714284
435,BoBoKa,1.5
436,BoBoKa,0.75
437,BoBoKa,3.7142857142857144
438,BoBoKa,0.8571428571428571
439,BoBoKa,2.888888888888889
440,BoBoKa,2.4285714285714284
441,BoBoKa,2.625
442,BoBoKa,3.090909090909091
443,BoBoKa,7.5
444,BoBoKa,2.6
445,BoBoKa,1.0
446,BoBoKa,1.2
447,BoBoKa,4.0
448,BoBoKa,2.0
449,BoBoKa,2.5
450,BoBoKa,2.7142857142857144
451,BoBoKa,2.3
452,BoBoKa,1.2
453,BoBoKa,1.0
454,Boomsoy,2.4
455,Boomsoy,1.6
456,Boomsoy,3.4285714285714284
457,Boomsoy,1.1666666666666667
458,Boomsoy,0.8888888888888888
459,Boomsoy,1.4
460,Boomsoy,1.875
461,Boxi,7.5
462,Boxi,2.2222222222222223
463,Boxi,0.6666666666666666
464,Boxi,0.7692307692307693
465,Boxi,2.0555555555555554
466,Boxi,4.0
467,Boxi,9.0
468,CCnC,4.625
469,CCnC,1.6
470,CCnC,7.5
471,CCnC,0.8571428571428571
472,CCnC,5.666666666666667
473,CCnC,9.0
474,CCnC,26.0
475,CCnC,2.1666666666666665
476,CCnC,1.3333333333333333
477,CCnC,3.857142857142857
478,CCnC,0.8
479,CCnC,13.0
480,CCnC,7.666666666666667
481,CCnC,6.0
482,CCnC,4.666666666666667
483,CCnC,8.333333333333334
484,CCnC,14.0
485,CCnC,2.3333333333333335
486,CCnC,7.0
487,CCnC,3.8
488,CCnC,2.5
489,CCnC,6.0
490,CCnC,1.8888888888888888
491,CCnC,9.0
492,CCnC,4.833333333333333
493,CCnC,1.6666666666666667
494,CCnC,0.6363636363636364
495,CCnC,2.2857142857142856
496,CCnC,2.375
497,CCnC,4.6
498,CCnC,1.75
499,CCnC,1.1111111111111112
500,CCnC,7.0
501,CCnC,2.6
502,CCnC,1.25
503,CCnC,3.0
504,CCnC,1.0
505,CCnC,0.4
506,CCnC,2.125
507,CCnC,0.75
508,Ceb,0.5555555555555556
509,Ceb,12.5
510,Ceb,4.166666666666667
511,Ceb,4.571428571428571
512,Ceb,3.5
513,Ceb,4.0
514,Ceb,6.5
515,Ceb,3.6666666666666665
516,Ceb,4.25
517,Ceb,2.8
518,Ceb,3.125
519,Ceb,3.5
520,Ceb,2.3
521,Ceb,3.6
522,Ceb,14.0
523,Ceb,1.4
524,Ceb,4.4
525,Ceb,2.5
526,Ceb,0.42857142857142855
527,Ceb,8.0
528,Ceb,18.0
529,Ceb,6.0
530,Ceb,7.333333333333333
531,Ceb,4.428571428571429
532,Ceb,2.4
533,Ceb,5.6
534,Ceb,4.75
535,Ceb,1.4444444444444444
536,Ceb,2.9
537,Ceb,4.166666666666667
538,Ceb,2.0
539,Ceb,5.0
540,Ceb,7.0
541,Ceb,7.666666666666667
542,Ceb,2.1666666666666665
543,Ceb,1.6
544,Ceb,3.3
545,Ceb,4.0
546,Ceb,1.8
547,Ceb,1.25
548,Ceb,2.0
549,Ceb,8.75
550,Ceb,1.3333333333333333
551,Ceb,4.666666666666667
552,Ceb,1.5
553,Chalice,6.25
554,Chalice,3.8
555,Chalice,4.142857142857143
556,Chalice,1.8333333333333333
557,Chalice,1.375
558,Chalice,9.0
559,Chalice,3.0
560,Chalice,4.75
561,Chalice,2.6
562,Chalice,2.4444444444444446
563,Chalice,2.2222222222222223
564,Chalice,8.5
565,Chalice,6.5
566,Chalice,1.0769230769230769
567,Chalice,1.5
568,Chalice,3.75
569,Chalice,3.3333333333333335
570,Chalice,2.5714285714285716
571,Chalice,8.0
572,Chalice,9.0
573,Chalice,1.5
574,Chalice,5.125
575,Chalice,3.75
576,Chalice,3.0
577,Chalice,2.857142857142857
578,Chalice,3.2
579,Chalice,1.4
580,Chalice,12.0
581,Chalice,8.0
582,Chalice,2.0
583,Chu,0.6363636363636364
584,Chu,2.4285714285714284
585,Cooman,9.0
586,Cooman,17.0
587,Cooman,4.333333333333333
588,Cooman,3.3333333333333335
589,Cooman,1.75
590,Costabile,2.5
591,Costabile,1.0
592,Costabile,1.0
593,Costabile,3.3333333333333335
594,Costabile,3.25
595,Costabile,3.0
596,Costabile,9.0
597,Costabile,1.8333333333333333
598,Costabile,2.5
599,Costabile,1.1
600,Costabile,3.142857142857143
601,Costabile,10.0
602,Costabile,1.4545454545454546
603,Costabile,2.5
604,Costabile,4.0
605,Costabile,7.5
606,Costabile,7.0
607,Costabile,5.2
608,Costabile,10.0
609,Costabile,7.0
610,Cr1t-,2.125
611,Cr1t-,1.1
612,Cr1t-,1.4545454545454546
613,Cr1t-,2.9166666666666665
614,Cr1t-,4.2
615,Cr1t-,2.25
616,Cr1t-,3.2
617,Cr1t-,1.0833333333333333
618,Cr1t-,3.7
619,Cr1t-,3.875
620,Cr1t-,2.2142857142857144
621,Cr1t-,3.1666666666666665
622,Cr1t-,2.0
623,Cr1t-,6.666666666666667
624,Cr1t-,1.3
625,Cr1t-,1.8888888888888888
626,Cr1t-,4.833333333333333
627,Cr1t-,3.6666666666666665
628,Cr1t-,8.666666666666666
629,Cr1t-,6.0
630,Cr1t-,16.5
631,Cr1t-,1.5714285714285714
632,Cr1t-,3.25
633,Cr1t-,3.6666666666666665
634,Cr1t-,4.375
635,Cr1t-,4.2
636,Cr1t-,2.4444444444444446
637,Cr1t-,4.666666666666667
638,Cr1t-,3.142857142857143
639,Cr1t-,3.3333333333333335
640,Cr1t-,0.9090909090909091
641,Cr1t-,7.0
642,Cr1t-,4.4
643,Cr1t-,2.8333333333333335
644,Cr1t-,11.0
645,Cr1t-,1.9166666666666667
646,Cr1t-,3.5
647,Cr1t-,2.4444444444444446
648,DJ,3.0
649,DJ,0.8333333333333334
650,DJ,1.2
651,DJ,0.75
652,DJ,3.7777777777777777
653,DJ,3.4
654,DJ,2.6666666666666665
655,DJ,4.428571428571429
656,DJ,4.166666666666667
657,DJ,9.0
658,DJ,3.6666666666666665
659,DJ,26.0
660,DJ,3.3333333333333335
661,DJ,7.333333333333333
662,DJ,15.0
663,DJ,6.2
664,DJ,1.4
665,DJ,4.285714285714286
666,DJ,3.4
667,DJ,8.0
668,DJ,5.333333333333333
669,DJ,6.0
670,DJ,1.3
671,DJ,7.0
672,DJ,2.2857142857142856
673,DJ,1.7272727272727273
674,DJ,11.0
675,DJ,4.666666666666667
676,DOGsoy,2.25
677,DOGsoy,0.7777777777777778
678,DOGsoy,6.0
679,DOGsoy,0.1
680,DOGsoy,3.5
681,DOGsoy,1.3636363636363635
682,DOGsoy,1.3333333333333333
683,Dark,1.875
684,Dark,5.333333333333333
685,Dark,1.0714285714285714
686,Dark,6.2
687,Dark,9.0
688,DkPhobos,1.4545454545454546
689,DkPhobos,2.8
690,DkPhobos,8.0
691,DkPhobos,3.1666666666666665
692,DkPhobos,7.5
693,DkPhobos,3.2
694,DkPhobos,0.0
695,DkPhobos,2.111111111111111
696,DkPhobos,3.1666666666666665
697,DkPhobos,0.25
698,DkPhobos,7.5
699,DuBu,1.0
700,DuBu,8.0
701,DuBu,1.125
702,DuBu,5.25
703,DuBu,0.75
704,DuBu,1.2
705,DuBu,2.1
706,DuBu,3.875
707,DuBu,4.142857142857143
708,DuBu,0.875
709,DuBu,1.1428571428571428
710,DuBu,4.6
711,DuBu,1.2
712,DuBu,0.8
713,DuBu,2.25
714,Duster,1.7272727272727273
715,Duster,0.9333333333333333
716,Duster,5.0
717,Duster,0.5555555555555556
718,Duster,0.9
719,Duster,3.3333333333333335
720,Duster,1.1111111111111112
721,Duster,2.4
722,Duster,2.0
723,Duster,1.7272727272727273
724,Duster,1.2857142857142858
725,Duster,2.125
726,Duster,7.0
727,Duster,1.0
728,Duster,2.75
729,Duster,3.0
730,Duster,3.2
731,Duster,5.5
732,Duster,3.625
733,Duster,0.6363636363636364
734,Duster,0.5
735,Duster,2.375
736,Duster,0.6666666666666666
737,Duster,0.25
738,Duster,2.4285714285714284
739,Duster,3.8
740,Duster,2.6153846153846154
741,Duster,2.6666666666666665
742,Duster,0.6666666666666666
743,Duster,1.1818181818181819
744,Duster,2.2857142857142856
745,Era,0.7142857142857143
746,Era,1.75
747,Era,2.6
748,Era,0.8333333333333334
749,Era,2.0
750,Era,14.0
751,EternaLEnVy,2.6666666666666665
752,EternaLEnVy,2.0625
753,EternaLEnVy,1.1666666666666667
754,EternaLEnVy,4.0
755,EternaLEnVy,21.0
756,EternaLEnVy,0.5454545454545454
757,EternaLEnVy,4.0
758,EternaLEnVy,4.0
759,EternaLEnVy,7.0
760,EternaLEnVy,1.0
761,EternaLEnVy,0.4
762,EternaLEnVy,3.0
763,EternaLEnVy,10.5
764,EternaLEnVy,11.0
765,EternaLEnVy,2.142857142857143
766,EternaLEnVy,5.0
767,EternaLEnVy,5.5
768,EternaLEnVy,3.0
769,EternaLEnVy,1.6666666666666667
770,EternaLEnVy,6.333333333333333
771,EternaLEnVy,1.2
772,EternaLEnVy,2.0
773,EternaLEnVy,3.5
774,EternaLEnVy,5.0
775,EternaLEnVy,5.666666666666667
776,EternaLEnVy,0.5
777,EternaLEnVy,0.3
778,EternaLEnVy,2.2
779,Eve,8.0
780,Eve,1.625
781,Eve,3.75
782,Eve,15.0
783,Eve,1.875
784,Exotic_Deer,0.6666666666666666
785,Exotic_Deer,4.714285714285714
786,Exotic_Deer,1.6666666666666667
787,Exotic_Deer,0.8888888888888888
788,Exotic_Deer,3.8
789,Exotic_Deer,1.5
790,Exotic_Deer,3.5
791,Exotic_Deer,5.2
792,Exotic_Deer,2.1666666666666665
793,Exotic_Deer,5.4
794,FLYSOLo,0.6
795,FLYSOLo,2.0
796,FLYSOLo,2.3
797,FLYSOLo,0.5555555555555556
798,FLYSOLo,1.5555555555555556
799,FLYSOLo,0.6666666666666666
800,FLYSOLo,2.3636363636363638
801,FLee-,6.0
802,FLee-,1.75
803,FLee-,2.0
804,FLee-,4.5
805,FLee-,5.166666666666667
806,FLee-,2.5714285714285716
807,FLee-,5.666666666666667
808,FLee-,1.6923076923076923
809,FLee-,1.7142857142857142
810,FLee-,3.1666666666666665
811,FLee-,3.3333333333333335
812,FLee-,1.875
813,FLee-,8.5
814,FLee-,5.25
815,FLee-,3.875
816,FLee-,5.0
817,FLee-,9.0
818,FLee-,2.4285714285714284
819,FLee-,4.333333333333333
820,FLee-,1.2
821,Fade,2.4
822,Fade,2.2
823,Fade,1.0
824,Fade,1.8333333333333333
825,Fade,1.5714285714285714
826,Fade,3.142857142857143
827,Fade,0.6666666666666666
828,Fade,7.5
829,Fade,0.6
830,Fade,5.666666666666667
831,Fade,3.125
832,Fade,3.5
833,Fade,5.6
834,Fade,1.625
835,Fade,4.0
836,Fade,1.6666666666666667
837,Fade,7.0
838,Faith,1.4444444444444444
839,Faith,2.0
840,Faith,3.4444444444444446
841,Faith,2.142857142857143
842,Faith,2.1666666666666665
843,Faith,1.2222222222222223
844,Faith,3.1
845,Faith,1.0
846,Faith,1.3636363636363635
847,Faith,3.0
848,Faith,1.8461538461538463
849,Faith,1.5
850,Faith,1.8571428571428572
851,Faith,1.2727272727272727
852,Faith,5.333333333333333
853,Faith,1.0833333333333333
854,Faith,1.6875
855,Faith,5.0
856,Faith,2.7142857142857144
857,Fata,18.0
858,Fata,6.5
859,Fata,1.3333333333333333
860,Fata,14.5
861,Fata,0.8888888888888888
862,Fata,2.142857142857143
863,Fata,7.0
864,Fata,2.0
865,Fata,6.5
866,Fata,2.875
867,Fata,5.2
868,Fata,2.3333333333333335
869,Fata,2.727272727272727
870,Fata,2.0
871,Fata,2.4
872,Fata,12.0
873,Fata,0.7142857142857143
874,Fata,4.666666666666667
875,Fata,1.4615384615384615
876,Fata,2.75
877,Fata,9.0
878,Fata,0.6
879,Fata,3.6
880,Fata,3.6
881,Fata,6.4
882,Fata,3.5
883,Febby♥金佳暎,15.0
884,Febby♥金佳暎,2.0
885,Febby♥金佳暎,3.111111111111111
886,Febby♥金佳暎,8.0
887,Febby♥金佳暎,1.3
888,Febby♥金佳暎,0.4444444444444444
889,Febby♥金佳暎,0.4
890,Febby♥金佳暎,1.5
891,Febby♥金佳暎,4.0
892,Febby♥金佳暎,4.5
893,Febby♥金佳暎,1.0
894,Febby♥金佳暎,2.1666666666666665
895,Febby♥金佳暎,6.0
896,Febby♥金佳暎,2.0
897,Febby♥金佳暎,4.25
898,Fenrir,1.6
899,Fenrir,1.4
900,Fenrir,1.4166666666666667
901,Fenrir,0.8888888888888888
902,Fenrir,0.3333333333333333
903,Fenrir,2.0
904,Fenrir,0.875
905,Fenrir,1.7777777777777777
906,Fenrir,0.7777777777777778
907,Fenrir,6.0
908,Fenrir,1.6
909,Fenrir,4.714285714285714
910,Fenrir,1.1
911,Fenrir,0.42857142857142855
912,Fenrir,2.0
913,Fenrir,1.625
914,Fenrir,6.5
915,Fenrir,0.7
916,Fenrir,1.3333333333333333
917,Fenrir,1.1538461538461537
918,Fervian,6.0
919,Fervian,5.25
920,Fervian,0.875
921,Fervian,5.75
922,Fervian,1.25
923,Fervian,2.0
924,Fervian,3.4
925,Flow,1.1428571428571428
926,Fly,6.25
927,Fly,2.75
928,Fly,3.6
929,Fly,0.7692307692307693
930,Fly,4.5
931,Fly,6.0
932,Fly,1.1428571428571428
933,Fly,3.8333333333333335
934,Fly,4.0
935,Fly,1.7777777777777777
936,Fly,3.1818181818181817
937,Fly,3.142857142857143
938,Fly,3.3333333333333335
939,Fly,2.3076923076923075
940,Fly,16.0
941,Fly,3.0
942,Fly,1.5384615384615385
943,Fly,4.2
944,Fly,3.142857142857143
945,Fly,2.5
946,Fly,6.0
947,Fly,4.8
948,Fly,0.6
949,Fly,2.0
950,Fly,4.0
951,Fly,12.0
952,Fly,0.75
953,Fly,3.0
954,Fly,3.1818181818181817
955,Fly,4.4
956,Fly,2.1666666666666665
957,Fly,1.4
958,Fly,2.857142857142857
959,Fly,3.111111111111111
960,Fly,1.1538461538461537
961,Fly,0.8461538461538461
962,Fly,2.5714285714285716
963,Fly,0.9285714285714286
964,Fng,1.875
965,Fng,7.666666666666667
966,Fng,3.8333333333333335
967,Fng,2.5714285714285716
968,Fng,3.0
969,Fng,5.25
970,Fng,0.2857142857142857
971,Fng,3.0
972,Fng,0.6666666666666666
973,Fng,5.0
974,Fng,3.8
975,FoREv,1.4615384615384615
976,FoREv,6.8
977,FoREv,7.0
978,FoREv,0.8
979,FoREv,8.4
980,FoREv,11.0
981,FoREv,2.25
982,FoREv,1.0
983,FoREv,3.2857142857142856
984,FoREv,20.0
985,FoREv,0.75
986,FoREv,6.666666666666667
987,FoREv,6.6
988,FoREv,8.75
989,FoREv,9.5
990,FoREv,2.142857142857143
991,FoREv,0.4444444444444444
992,FoREv,5.25
993,FoREv,1.7142857142857142
994,FoREv,0.0
995,Frost,0.5714285714285714
996,Frost,2.0
997,Frost,0.75
998,Frost,4.4
999,Frost,0.8333333333333334
1000,Frost,0.4
1001,G,6.666666666666667
1002,G,3.1666666666666665
1003,G,8.5
1004,G,2.1666666666666665
1005,G,5.75
1006,G,2.3333333333333335
1007,G,3.0
1008,G,2.857142857142857
1009,G,3.8333333333333335
1010,G,0.2
1011,G,0.75
1012,Gh,1.6666666666666667
1013,Gh,1.4166666666666667
1014,Gh,2.888888888888889
1015,Gh,2.8181818181818183
1016,Gh,4.5
1017,Gh,8.666666666666666
1018,Gh,3.5
1019,Gh,3.2222222222222223
1020,Gh,4.4
1021,Gh,1.4615384615384615
1022,Gh,0.1111111111111111
1023,Gh,1.625
1024,Gh,0.9
1025,Gh,3.4
1026,Gh,3.4285714285714284
1027,Gh,4.333333333333333
1028,Gh,0.6666666666666666
1029,Gh,4.0
1030,Gh,2.9
1031,Gh,5.333333333333333
1032,Gh,4.428571428571429
1033,Gh,1.9333333333333333
1034,Gh,4.0
1035,Gh,3.1666666666666665
1036,Ghostik,2.0
1037,Ghostik,1.5833333333333333
1038,Handsken,1.2222222222222223
1039,Handsken,1.0769230769230769
1040,Handsken,1.1666666666666667
1041,Handsken,0.5
1042,Handsken,0.25
1043,Handsken,2.4444444444444446
1044,HeStEJoE-RoTTeN,0.625
1045,HeStEJoE-RoTTeN,1.8
1046,HeStEJoE-RoTTeN,1.0
1047,HeStEJoE-RoTTeN,1.6
1048,HeStEJoE-RoTTeN,26.0
1049,HeStEJoE-RoTTeN,4.25
1050,HeStEJoE-RoTTeN,1.5714285714285714
1051,HeStEJoE-RoTTeN,4.6
1052,HeStEJoE-RoTTeN,6.2
1053,HeStEJoE-RoTTeN,1.8
1054,HeStEJoE-RoTTeN,2.2857142857142856
1055,HeStEJoE-RoTTeN,5.666666666666667
1056,Iceberg,2.125
1057,Iceberg,1.5
1058,Iceberg,9.333333333333334
1059,Iceberg,9.666666666666666
1060,Iceberg,2.2
1061,Iceberg,1.8
1062,Iceberg,1.1111111111111112
1063,Iceberg,2.1
1064,Iceberg,5.0
1065,Iceberg,3.0
1066,Iceberg,3.6666666666666665
1067,Iceberg,14.0
1068,Iceberg,19.0
1069,Iceberg,1.0
1070,Iceberg,1.0
1071,Iceberg,1.7142857142857142
1072,Iceberg,4.428571428571429
1073,Iceberg,3.2
1074,Iceberg,4.833333333333333
1075,Iceberg,2.6666666666666665
1076,Iceberg,0.8333333333333334
1077,Iceberg,2.7777777777777777
1078,Iceberg,7.0
1079,Iceberg,2.875
1080,Iceberg,4.0
1081,Iceberg,0.6
1082,Iceberg,1.5
1083,Iceberg,1.6666666666666667
1084,Iceberg,4.8
1085,Iceberg,9.666666666666666
1086,Illidan Stormrage SF46,0.8
1087,Illidan Stormrage SF46,1.6363636363636365
1088,Illidan Stormrage SF46,3.7142857142857144
1089,Illidan Stormrage SF46,4.5
1090,Illidan Stormrage SF46,8.333333333333334
1091,Illidan Stormrage SF46,2.4285714285714284
1092,Illidan Stormrage SF46,0.4
1093,Illidan Stormrage SF46,4.0
1094,Illidan Stormrage SF46,2.2
1095,Illidan Stormrage SF46,20.0
1096,Illidan Stormrage SF46,1.5714285714285714
1097,InJuly,0.2
1098,InJuly,1.8571428571428572
1099,InJuly,2.75
1100,JAbz,2.2
1101,JAbz,0.7692307692307693
1102,JAbz,1.1818181818181819
1103,JAbz,5.333333333333333
1104,JAbz,1.0769230769230769
1105,JAbz,2.0
1106,JAbz,2.8
1107,JAbz,2.5555555555555554
1108,JAbz,4.0
1109,JAbz,1.1818181818181819
1110,JAbz,1.8888888888888888
1111,JAbz,3.076923076923077
1112,JAbz,2.6666666666666665
1113,JAbz,1.6
1114,JAbz,1.0833333333333333
1115,JAbz,1.3333333333333333
1116,JAbz,1.0
1117,JAbz,5.4
1118,JAbz,0.7777777777777778
1119,James,1.1666666666666667
1120,James,3.3333333333333335
1121,James,10.75
1122,James,3.6666666666666665
1123,James,1.4
1124,James,1.1111111111111112
1125,James,1.6
1126,Jenkins,1.0
1127,Jenkins,0.7777777777777778
1128,Jenkins,0.8
1129,Jenkins,4.0
1130,Jenkins,1.8181818181818181
1131,Jenkins,3.4285714285714284
1132,Jenkins,0.6666666666666666
1133,JerAx,0.5
1134,JerAx,1.0
1135,JerAx,5.75
1136,JerAx,4.75
1137,JerAx,2.75
1138,JerAx,1.5714285714285714
1139,JerAx,0.875
1140,JerAx,1.0
1141,JerAx,6.333333333333333
1142,JerAx,0.8125
1143,JerAx,4.666666666666667
1144,JerAx,2.0
1145,JerAx,6.333333333333333
1146,JerAx,14.0
1147,JerAx,4.5
1148,JerAx,2.4
1149,JerAx,2.875
1150,JerAx,1.588235294117647
1151,JerAx,1.8181818181818181
1152,JerAx,4.857142857142857
1153,JerAx,4.25
1154,JerAx,1.6
1155,JerAx,4.2
1156,JerAx,1.2727272727272727
1157,JerAx,2.1818181818181817
1158,JerAx,5.0
1159,JerAx,3.857142857142857
1160,JerAx,3.875
1161,JerAx,2.3333333333333335
1162,JerAx,6.5
1163,JerAx,2.4285714285714284
1164,JerAx,1.5714285714285714
1165,JerAx,1.8333333333333333
1166,JerAx,0.7142857142857143
1167,JerAx,7.333333333333333
1168,JerAx,5.0
1169,JerAx,4.0
1170,JerAx,3.111111111111111
1171,JerAx,0.6
1172,JerAx,2.3
1173,JerAx,2.7142857142857144
1174,JerAx,3.0
1175,JerAx,2.3333333333333335
1176,JerAx,3.8333333333333335
1177,JerAx,2.625
1178,Jonassomfan,1.3333333333333333
1179,Jonassomfan,2.375
1180,Jonassomfan,0.5714285714285714
1181,Jonassomfan,0.8
1182,Jonassomfan,6.25
1183,Jonassomfan,1.75
1184,K D,2.142857142857143
1185,K D,0.8
1186,K D,3.0
1187,Kamma,4.2
1188,Kamma,19.0
1189,Kamma,1.0
1190,Kamma,5.0
1191,Kamma,0.2
1192,Kamma,5.0
1193,Kamma,1.3333333333333333
1194,Kamma,3.8333333333333335
1195,Kamma,6.666666666666667
1196,Kamma,0.16666666666666666
1197,Kamma,0.3
1198,Kamma,5.0
1199,Kamma,4.333333333333333
1200,Kamma,3.5
1201,Kamma,5.5
1202,Kamma,4.5
1203,Kamma,2.0
1204,KheZu,1.0
1205,KheZu,2.5
1206,KheZu,0.5
1207,KheZu,7.0
1208,KheZu,0.8
1209,KheZu,4.0
1210,KheZu,1.25
1211,KheZu,5.0
1212,KheZu,7.0
1213,KheZu,11.0
1214,KheZu,0.5
1215,KheZu,3.6666666666666665
1216,KheZu,1.5714285714285714
1217,KheZu,0.5
1218,Khezcute,1.0
1219,Khezcute,1.4
1220,Khezcute,4.714285714285714
1221,Khezcute,3.0
1222,Khezcute,0.8181818181818182
1223,Khezcute,0.6
1224,Khezcute,2.857142857142857
1225,Kuku^,1.7142857142857142
1226,Kuku^,2.0
1227,Kuku^,0.4444444444444444
1228,Kuku^,3.142857142857143
1229,Kuku^,1.0
1230,Kuku^,0.5
1231,Kuku^,5.0
1232,Kuku^,1.1538461538461537
1233,Kuku^,1.5
1234,Kuku^,0.875
1235,Kuku^,0.8571428571428571
1236,Kuku^,1.5454545454545454
1237,Kuku^,1.1764705882352942
1238,Kuku^,1.6470588235294117
1239,Kuku^,1.25
1240,Kuku^,3.0
1241,Kuku^,1.1666666666666667
1242,Kuku^,3.0
1243,Kuku^,0.8333333333333334
1244,Kuku^,1.3
1245,Kuku^,4.0
1246,Kuku^,0.6923076923076923
1247,Kuku^,7.75
1248,Kuku^,0.9285714285714286
1249,Kuku^,5.666666666666667
1250,Kuku^,3.0
1251,Kuku^,2.0
1252,Kuku^,1.0
1253,Kuku^,2.1666666666666665
1254,Kuku^,3.8333333333333335
1255,Kuku^,4.666666666666667
1256,KuroKy,2.6666666666666665
1257,KuroKy,3.2857142857142856
1258,KuroKy,4.666666666666667
1259,KuroKy,3.5714285714285716
1260,KuroKy,3.0
1261,KuroKy,2.5714285714285716
1262,KuroKy,1.4166666666666667
1263,KuroKy,4.285714285714286
1264,KuroKy,6.333333333333333
1265,KuroKy,0.7
1266,KuroKy,0.09090909090909091
1267,KuroKy,2.357142857142857
1268,KuroKy,3.0
1269,KuroKy,3.7142857142857144
1270,KuroKy,1.4
1271,KuroKy,1.75
1272,KuroKy,4.25
1273,KuroKy,2.076923076923077
1274,KuroKy,2.857142857142857
1275,KuroKy,4.75
1276,KuroKy,1.9166666666666667
1277,KuroKy,3.2857142857142856
1278,KuroKy,0.6666666666666666
1279,KuroKy,1.7272727272727273
1280,Kzee_,1.0
1281,Kzee_,1.0
1282,Kzee_,0.75
1283,Kzee_,2.25
1284,Kzee_,2.2222222222222223
1285,Kzee_,1.9090909090909092
1286,Kzee_,0.9285714285714286
1287,Kzee_,1.375
1288,Kzee_,8.0
1289,LaNm,7.333333333333333
1290,LaNm,4.8
1291,LaNm,4.142857142857143
1292,LaNm,5.5
1293,LaNm,3.3333333333333335
1294,LaNm,1.3333333333333333
1295,LaNm,4.166666666666667
1296,LaNm,3.8333333333333335
1297,LaNm,0.6666666666666666
1298,LaNm,3.6
1299,LaNm,1.875
1300,LaNm,1.5714285714285714
1301,LaNm,4.2
1302,LaNm,2.5
1303,LaNm,2.1666666666666665
1304,LaNm,5.5
1305,LaNm,5.333333333333333
1306,LaNm,1.0
1307,LaNm,0.8181818181818182
1308,LaNm,0.6666666666666666
1309,Lelis,6.666666666666667
1310,Lelis,1.3333333333333333
1311,Lelis,6.5
1312,Lelis,2.6
1313,Lelis,6.0
1314,Lelis,2.25
1315,Lelis,2.6666666666666665
1316,Lelis,4.833333333333333
1317,Lelis,6.5
1318,Lelis,6.25
1319,Lelis,2.0
1320,Lelis,31.0
1321,Lelis,0.8
1322,Lelis,1.5
1323,Lelis,2.0
1324,Lelis,2.5
1325,Lelis,3.6666666666666665
1326,Lelis,2.5833333333333335
1327,Lelis,6.25
1328,Lelis,6.0
1329,Limmp,9.0
1330,Limmp,4.142857142857143
1331,Limmp,5.75
1332,Limmp,5.0
1333,Limmp,2.2
1334,Limmp,0.2
1335,Limmp,1.8333333333333333
1336,Limmp,7.25
1337,Limmp,5.0
1338,Limmp,4.142857142857143
1339,Limmp,5.666666666666667
1340,Limmp,0.25
1341,Limmp,8.0
1342,Luciano,1.6666666666666667
1343,Luciano,2.0
1344,Luciano,0.5
1345,Luciano,1.2857142857142858
1346,Luciano,1.6363636363636365
1347,Luciano,3.2
1348,Luciano,1.875
1349,MATUMBAMAN,0.75
1350,MATUMBAMAN,7.0
1351,MATUMBAMAN,3.0
1352,MATUMBAMAN,3.090909090909091
1353,MATUMBAMAN,2.272727272727273
1354,MATUMBAMAN,6.5
1355,MATUMBAMAN,1.4285714285714286
1356,MATUMBAMAN,4.6
1357,MATUMBAMAN,2.0
1358,MATUMBAMAN,1.7777777777777777
1359,MATUMBAMAN,4.25
1360,MATUMBAMAN,4.4
1361,MATUMBAMAN,28.0
1362,MATUMBAMAN,7.0
1363,MATUMBAMAN,4.0
1364,MATUMBAMAN,18.0
1365,MATUMBAMAN,3.8333333333333335
1366,MATUMBAMAN,3.8333333333333335
1367,MATUMBAMAN,3.625
1368,MATUMBAMAN,1.5714285714285714
1369,MATUMBAMAN,1.5625
1370,MATUMBAMAN,6.0
1371,MATUMBAMAN,5.5
1372,MATUMBAMAN,0.0
1373,MP,2.8333333333333335
1374,MP,5.5
1375,MP,0.6666666666666666
1376,MP,9.0
1377,MP,0.16666666666666666
1378,MP,12.0
1379,MP,4.8
1380,MP,1.5
1381,MP,2.6
1382,MP,4.833333333333333
1383,MP,0.625
1384,MP,3.0
1385,MP,4.8
1386,MP,1.4
1387,MP,1.375
1388,MSS-,4.4
1389,MSS-,4.285714285714286
1390,MSS-,10.0
1391,MSS-,1.9
1392,MSS-,2.1
1393,MSS-,3.8333333333333335
1394,MSS-,2.75
1395,MSS-,25.0
1396,MSS-,2.0
1397,MSS-,5.75
1398,MSS-,1.0
1399,MSS-,4.0
1400,MSS-,1.8571428571428572
1401,MSS-,6.2
1402,MSS-,2.25
1403,MSS-,1.6666666666666667
1404,MSS-,1.6
1405,MSS-,3.7142857142857144
1406,MSS-,0.5833333333333334
1407,MSS-,6.5
1408,MSS-,2.25
1409,MSS-,7.333333333333333
1410,MSS-,1.6
1411,MSS-,3.5
1412,MSS-,2.8
1413,MSS-,2.625
1414,MSS-,3.0
1415,MSS-,3.5714285714285716
1416,MSS-,1.1
1417,MSS-,11.0
1418,MSS-,2.7
1419,Mad,4.714285714285714
1420,Mad,1.8333333333333333
1421,Mad,0.9090909090909091
1422,Mad,0.5333333333333333
1423,Mad,1.0
1424,Mad,5.5
1425,Mad,0.5
1426,Mad,0.5555555555555556
1427,Madara,2.2857142857142856
1428,Madara,9.0
1429,Madara,18.0
1430,Madara,0.2
1431,Madara,0.8571428571428571
1432,Madara,3.6666666666666665
1433,Madara,3.7142857142857144
1434,Madara,1.0
1435,Madara,11.5
1436,Madara,4.166666666666667
1437,Madara,0.42857142857142855
1438,Madara,1.8
1439,Madara,3.6666666666666665
1440,Madara,22.0
1441,Mastermind,2.3333333333333335
1442,Mastermind,4.142857142857143
1443,Mastermind,0.8888888888888888
1444,Mastermind,1.1428571428571428
1445,Mastermind,7.5
1446,Mastermind,0.75
1447,Mastermind,4.6
1448,Matthew~,0.75
1449,Matthew~,1.8571428571428572
1450,Matthew~,1.7142857142857142
1451,Matthew~,0.36363636363636365
1452,Meracle-,1.1428571428571428
1453,Meracle-,0.0
1454,Meracle-,1.8571428571428572
1455,MiLAN,1.6153846153846154
1456,MiLAN,4.2
1457,MiLAN,0.0
1458,MiLAN,3.111111111111111
1459,MiLAN,0.5714285714285714
1460,MiLAN,6.166666666666667
1461,MiLAN,2.0
1462,MiLAN,2.7
1463,MiLAN,0.5384615384615384
1464,MiLAN,0.6666666666666666
1465,MiLAN,11.0
1466,MiLAN,2.75
1467,MiLAN,0.8571428571428571
1468,MiLAN,4.0
1469,MiLAN,10.5
1470,MiLAN,4.0
1471,MiLAN,1.6666666666666667
1472,MiLAN,2.3333333333333335
1473,MiLAN,15.0
1474,MiLAN,1.4444444444444444
1475,MidOne,3.8
1476,MidOne,4.333333333333333
1477,MidOne,3.0
1478,MidOne,4.142857142857143
1479,MidOne,3.857142857142857
1480,MidOne,8.5
1481,MidOne,2.0
1482,MidOne,0.875
1483,MidOne,1.5
1484,MidOne,0.5
1485,MidOne,2.2857142857142856
1486,MidOne,10.666666666666666
1487,MidOne,4.5
1488,MidOne,14.0
1489,MidOne,2.2
1490,MidOne,6.5
1491,MidOne,10.333333333333334
1492,MidOne,1.375
1493,MidOne,0.6666666666666666
1494,MidOne,4.166666666666667
1495,MidOne,6.75
1496,MidOne,6.0
1497,MidOne,2.625
1498,MidOne,7.666666666666667
1499,MidOne,3.6666666666666665
1500,MidOne,4.666666666666667
1501,Mikey,9.0
1502,Mikey,1.2222222222222223
1503,Mikey,13.0
1504,Mikey,2.0
1505,Mikey,2.1666666666666665
1506,Mikey,2.0
1507,Mikey,2.375
1508,MinD_ContRoL,19.0
1509,MinD_ContRoL,2.5
1510,MinD_ContRoL,1.75
1511,MinD_ContRoL,1.5833333333333333
1512,MinD_ContRoL,4.5
1513,MinD_ContRoL,3.6666666666666665
1514,MinD_ContRoL,7.0
1515,MinD_ContRoL,0.0
1516,MinD_ContRoL,9.0
1517,MinD_ContRoL,2.5714285714285716
1518,MinD_ContRoL,4.4
1519,MinD_ContRoL,1.3333333333333333
1520,MinD_ContRoL,3.4285714285714284
1521,MinD_ContRoL,3.6
1522,MinD_ContRoL,1.7777777777777777
1523,MinD_ContRoL,16.0
1524,MinD_ContRoL,4.25
1525,MinD_ContRoL,8.333333333333334
1526,MinD_ContRoL,4.5
1527,MinD_ContRoL,0.5
1528,MinD_ContRoL,7.0
1529,MinD_ContRoL,4.666666666666667
1530,MinD_ContRoL,6.25
1531,MinD_ContRoL,4.666666666666667
1532,Miposhka,1.5
1533,Miposhka,1.7
1534,Miracle-,6.75
1535,Miracle-,6.0
1536,Miracle-,14.0
1537,Miracle-,9.333333333333334
1538,Miracle-,4.5
1539,Miracle-,4.125
1540,Miracle-,6.0
1541,Miracle-,6.0
1542,Miracle-,1.2222222222222223
1543,Miracle-,1.4285714285714286
1544,Miracle-,2.6363636363636362
1545,Miracle-,3.6666666666666665
1546,Miracle-,0.18181818181818182
1547,Miracle-,2.3333333333333335
1548,Miracle-,4.0
1549,Miracle-,5.0
1550,Miracle-,3.2
1551,Miracle-,4.6
1552,Miracle-,0.6
1553,Miracle-,4.142857142857143
1554,Miracle-,4.333333333333333
1555,Miracle-,11.0
1556,Miracle-,5.333333333333333
1557,Miracle-,0.1111111111111111
1558,Misha,3.0
1559,Misha,6.0
1560,Misha,1.875
1561,Misha,0.625
1562,Misha,3.25
1563,Misha,1.3333333333333333
1564,Misha,4.0
1565,Misha,2.888888888888889
1566,Misha,2.4285714285714284
1567,Misha,2.75
1568,Misha,1.0909090909090908
1569,Misha,2.4444444444444446
1570,Misha,2.125
1571,Misha,1.875
1572,Misha,4.0
1573,Monet,4.5
1574,Monet,2.8333333333333335
1575,Monet,6.75
1576,Monet,7.75
1577,Monet,3.625
1578,Monet,4.125
1579,Monet,4.0
1580,Monet,8.5
1581,Monet,1.75
1582,Monet,2.1666666666666665
1583,Monet,20.0
1584,Monet,1.6666666666666667
1585,Moo,1.8333333333333333
1586,Moo,0.0
1587,Moo,4.75
1588,Moo,9.333333333333334
1589,Moo,2.9
1590,Moo,18.0
1591,Moo,0.16666666666666666
1592,Moo,8.0
1593,Moo,4.6
1594,Moo,2.6666666666666665
1595,Moo,4.75
1596,Moo,9.666666666666666
1597,Moo,27.0
1598,Moogy,1.7142857142857142
1599,Moogy,10.333333333333334
1600,Moogy,12.0
1601,Moogy,2.5
1602,Moogy,6.0
1603,Moogy,4.625
1604,Moogy,3.2
1605,Moogy,3.5
1606,Moogy,1.8
1607,Moogy,2.4
1608,Moogy,26.0
1609,Moogy,6.75
1610,Moogy,4.0
1611,Moogy,2.3333333333333335
1612,Moogy,3.2857142857142856
1613,Moogy,3.5
1614,Moogy,4.5
1615,Moogy,7.4
1616,Moogy,4.0
1617,MoonMeander,5.0
1618,MoonMeander,0.2
1619,MoonMeander,0.3333333333333333
1620,MoonMeander,2.857142857142857
1621,MoonMeander,3.272727272727273
1622,MoonMeander,8.5
1623,MoonMeander,3.1666666666666665
1624,MoonMeander,1.0
1625,MoonMeander,5.0
1626,MoonMeander,5.4
1627,MoonMeander,2.3333333333333335
1628,MoonMeander,2.6
1629,MoonMeander,5.2
1630,Moonn,2.3333333333333335
1631,Moonn,1.6
1632,Moonn,2.1666666666666665
1633,Moonn,2.6666666666666665
1634,Moonn,2.5714285714285716
1635,Moonn,2.4285714285714284
1636,Moonn,4.571428571428571
1637,Moonn,3.2
1638,Moonn,1.1
1639,Moonn,1.375
1640,Moonn,2.6
1641,Moonn,3.25
1642,Moonn,4.75
1643,Moonn,0.6
1644,Moonn,1.2857142857142858
1645,Moonn,11.5
1646,Moonn,3.142857142857143
1647,Moonn,1.8333333333333333
1648,Moonn,7.0
1649,Mr. Kingão,1.75
1650,Mr. Kingão,5.0
1651,Mr. Kingão,2.1
1652,Mr. Kingão,2.2857142857142856
1653,Mr. Kingão,2.5833333333333335
1654,Mr. Kingão,2.090909090909091
1655,Mr. Kingão,1.4166666666666667
1656,Mr. Kingão,4.0
1657,Mr. Kingão,2.1818181818181817
1658,Mr. Kingão,1.1666666666666667
1659,Mr. Kingão,0.625
1660,Mr. Kingão,6.5
1661,Mr. Kingão,2.6363636363636362
1662,Mr. Kingão,1.3333333333333333
1663,Mr. Kingão,0.5294117647058824
1664,Mr. Kingão,2.0
1665,Mr. Kingão,2.2
1666,Mr. Kingão,1.4705882352941178
1667,Mr. Kingão,0.8
1668,Mr. Kingão,0.8333333333333334
1669,Mr. Kingão,0.5
1670,Mr. Kingão,1.3333333333333333
1671,Mr. Kingão,2.2222222222222223
1672,Mr. Kingão,2.6
1673,Mr. Kingão,4.4
1674,Mr. Kingão,1.25
1675,Mr. Kingão,0.9090909090909091
1676,Mr. Kingão,0.6363636363636364
1677,Mr. Kingão,1.9
1678,Mr. Kingão,3.2857142857142856
1679,Mr. Kingão,1.8888888888888888
1680,Mushi-,5.5
1681,Mushi-,1.0909090909090908
1682,Mushi-,1.2
1683,Mushi-,4.333333333333333
1684,Mushi-,2.3333333333333335
1685,Mushi-,4.0
1686,Mushi-,2.6666666666666665
1687,Mushi-,1.5714285714285714
1688,Mushi-,1.9
1689,Mushi-,4.666666666666667
1690,Mushi-,2.0
1691,Mushi-,3.8333333333333335
1692,Mushi-,6.5
1693,Mushi-,3.0
1694,Mushi-,3.5
1695,Mushi-,2.5
1696,Mushi-,1.5
1697,Mushi-,1.0
1698,Mushi-,6.75
1699,N0tail,1.9333333333333333
1700,N0tail,1.4285714285714286
1701,N0tail,4.25
1702,N0tail,1.3
1703,N0tail,3.6666666666666665
1704,N0tail,5.571428571428571
1705,N0tail,0.75
1706,N0tail,2.8
1707,N0tail,1.4444444444444444
1708,N0tail,0.7777777777777778
1709,N0tail,4.625
1710,N0tail,1.5454545454545454
1711,N0tail,2.25
1712,N0tail,4.0
1713,N0tail,1.3333333333333333
1714,N0tail,2.625
1715,N0tail,9.0
1716,N0tail,1.3636363636363635
1717,N0tail,1.5384615384615385
1718,N0tail,0.8823529411764706
1719,N0tail,3.090909090909091
1720,N0tail,1.4375
1721,N0tail,2.3
1722,N0tail,2.4
1723,N0tail,1.0625
1724,N0tail,1.8181818181818181
1725,N0tail,0.1111111111111111
1726,N0tail,1.7777777777777777
1727,N0tail,6.5
1728,N0tail,1.7
1729,N0tail,1.8888888888888888
1730,N0tail,2.5
1731,N0tail,1.2727272727272727
1732,N0tail,6.0
1733,N0tail,1.4666666666666666
1734,N0tail,1.375
1735,N0tail,4.5
1736,N0tail,4.0
1737,N0tail,0.7142857142857143
1738,N0tail,2.4285714285714284
1739,N0tail,4.0
1740,N0tail,0.45454545454545453
1741,N0tail,0.7
1742,N0tail,2.5
1743,N0tail,5.75
1744,Net,0.4444444444444444
1745,Net,2.4285714285714284
1746,Net,0.6666666666666666
1747,Net,6.666666666666667
1748,Net,4.111111111111111
1749,Net,1.1
1750,Net,3.75
1751,Newsham,1.6
1752,Newsham,4.428571428571429
1753,Newsham,1.0
1754,Newsham,1.0
1755,Newsham,1.6
1756,Newsham,0.5714285714285714
1757,Newsham,2.0
1758,Nisha,1.0
1759,Nisha,9.0
1760,Nisha,1.0
1761,Nisha,1.4
1762,Nisha,2.5
1763,Nisha,0.5714285714285714
1764,Nisha,5.0
1765,Nisha,3.9166666666666665
1766,Nisha,3.3333333333333335
1767,Nisha,2.142857142857143
1768,Nix,6.0
1769,Nix,1.3333333333333333
1770,Nix,1.3636363636363635
1771,Nix,2.142857142857143
1772,Nix,4.6
1773,Nix,2.6363636363636362
1774,Nix,4.5
1775,Nix,9.0
1776,Nix,4.6
1777,Nix,5.4
1778,Nix,0.625
1779,Nix,3.0
1780,Nix,4.166666666666667
1781,Nix,9.0
1782,Nix,4.285714285714286
1783,No[o]ne-,0.6
1784,No[o]ne-,7.0
1785,No[o]ne-,1.7777777777777777
1786,No[o]ne-,14.5
1787,No[o]ne-,5.25
1788,No[o]ne-,2.5
1789,No[o]ne-,26.0
1790,No[o]ne-,6.5
1791,No[o]ne-,2.5
1792,No[o]ne-,1.5
1793,No[o]ne-,1.6
1794,No[o]ne-,5.75
1795,No[o]ne-,6.75
1796,No[o]ne-,5.0
1797,No[o]ne-,17.0
1798,No[o]ne-,3.5
1799,No[o]ne-,7.25
1800,No[o]ne-,1.0
1801,No[o]ne-,22.0
1802,No[o]ne-,1.8
1803,No[o]ne-,3.5
1804,No[o]ne-,8.333333333333334
1805,No[o]ne-,8.0
1806,No[o]ne-,5.0
1807,No[o]ne-,3.1666666666666665
1808,Nofear,1.8
1809,Nofear,0.45454545454545453
1810,Nofear,2.3333333333333335
1811,Nofear,3.3333333333333335
1812,Nofear,2.875
1813,Nofear,0.625
1814,Nofear,4.5
1815,Nofear,3.111111111111111
1816,Nofear,2.8
1817,Nofear,4.6
1818,Nofear,0.8571428571428571
1819,Nofear,1.2
1820,Nofear,2.625
1821,Nofear,0.875
1822,Nofear,1.1666666666666667
1823,Nofear,4.8
1824,Nofear,3.5
1825,Nofear,1.7272727272727273
1826,Nofear,2.8
1827,Nofear,4.0
1828,Nofear,4.2
1829,Nofear,1.125
1830,Nofear,3.5
1831,Nofear,2.1538461538461537
1832,Nofear,2.4545454545454546
1833,Nofear,2.4
1834,Nofear,1.0
1835,Nofear,0.5333333333333333
1836,Nofear,0.2222222222222222
1837,Nofear,1.125
1838,NoiA,2.2857142857142856
1839,NoiA,3.0
1840,NoiA,5.2
1841,NoiA,2.4285714285714284
1842,NoiA,9.333333333333334
1843,NoiA,1.4285714285714286
1844,NoiA,5.0
1845,NoiA,10.0
1846,NoiA,1.0
1847,NoiA,2.625
1848,NoiA,4.6
1849,NoiA,2.8333333333333335
1850,Ohaiyo,6.75
1851,Ohaiyo,2.6363636363636362
1852,Ohaiyo,2.5555555555555554
1853,Ohaiyo,1.8333333333333333
1854,Ohaiyo,1.0
1855,Ohaiyo,5.0
1856,Ohaiyo,0.3
1857,Ori,0.6666666666666666
1858,Ori,6.0
1859,Ori,1.6666666666666667
1860,Ori,3.4
1861,Ori,2.5
1862,Ori,5.5
1863,Ori,1.1666666666666667
1864,Ori,1.1428571428571428
1865,Ori,6.0
1866,Ori,5.25
1867,Ori,9.0
1868,Ori,0.5
1869,Ori,20.0
1870,Ori,22.0
1871,Ori,1.4285714285714286
1872,Ori,4.75
1873,Ori,1.2857142857142858
1874,Ori,1.875
1875,Ori,2.5
1876,Ori,1.0
1877,PABLO,1.25
1878,PABLO,1.2222222222222223
1879,PABLO,0.8571428571428571
1880,PABLO,2.2
1881,PABLO,1.3333333333333333
1882,PABLO,3.375
1883,Palantimos,2.3333333333333335
1884,Panthera,0.25
1885,Panthera,2.6666666666666665
1886,Panthera,0.6666666666666666
1887,Panthera,1.25
1888,Paparazi灬,2.4
1889,Paparazi灬,2.0
1890,Paparazi灬,4.75
1891,Paparazi灬,0.875
1892,Paparazi灬,3.0
1893,Paparazi灬,12.0
1894,Paparazi灬,13.0
1895,Paparazi灬,8.5
1896,Paparazi灬,1.0
1897,Paparazi灬,4.0
1898,Paparazi灬,0.75
1899,Paparazi灬,3.3333333333333335
1900,Paparazi灬,3.8
1901,Paparazi灬,6.0
1902,Paparazi灬,2.0
1903,Paparazi灬,7.2
1904,Paparazi灬,9.333333333333334
1905,Paparazi灬,0.6666666666666666
1906,Paparazi灬,5.75
1907,Paparazi灬,2.2
1908,Patos,0.75
1909,Patos,10.333333333333334
1910,Patos,1.6666666666666667
1911,Patos,1.4285714285714286
1912,Patos,2.7
1913,Patos,3.875
1914,Patos,1.0
1915,Patos,0.875
1916,Patos,3.923076923076923
1917,Patos,1.25
1918,Peterpandam,2.0
1919,Peterpandam,2.75
1920,Peterpandam,4.4
1921,Peterpandam,0.8888888888888888
1922,Peterpandam,0.7272727272727273
1923,Peterpandam,0.6363636363636364
1924,Peterpandam,3.8
1925,Peterpandam,4.5
1926,Peterpandam,1.7142857142857142
1927,Peterpandam,0.25
1928,Peterpandam,3.3333333333333335
1929,Peterpandam,1.0
1930,Peterpandam,1.0
1931,Peterpandam,3.7142857142857144
1932,Peterpandam,0.8888888888888888
1933,Peterpandam,2.4
1934,Peterpandam,3.0
1935,Peterpandam,2.0
1936,Peterpandam,1.2307692307692308
1937,Peterpandam,0.2631578947368421
1938,Peterpandam,1.4444444444444444
1939,Peterpandam,0.5789473684210527
1940,Peterpandam,2.5
1941,Peterpandam,3.142857142857143
1942,Peterpandam,2.6
1943,Peterpandam,3.8
1944,Peterpandam,1.0833333333333333
1945,Peterpandam,0.8
1946,Peterpandam,3.25
1947,Peterpandam,1.7
1948,Peterpandam,1.1
1949,Peterpandam,1.3333333333333333
1950,Peterpandam,1.625
1951,Peterpandam,1.0909090909090908
1952,Peterpandam,1.5
1953,Peterpandam,0.9444444444444444
1954,Peterpandam,3.0
1955,Peterpandam,3.3333333333333335
1956,Peterpandam,2.0
1957,Peterpandam,1.4545454545454546
1958,Pikachu,4.666666666666667
1959,Pikachu,11.5
1960,Pikachu,1.4285714285714286
1961,Pikachu,0.75
1962,Pikachu,7.0
1963,Pingvincek,5.0
1964,Pingvincek,6.5
1965,Pingvincek,5.0
1966,Pingvincek,2.375
1967,Pingvincek,1.0
1968,Pingvincek,5.0
1969,Pingvincek,1.6666666666666667
1970,Pingvincek,0.625
1971,Pingvincek,1.0
1972,Pingvincek,3.0
1973,Pingvincek,3.0
1974,Pingvincek,0.7142857142857143
1975,Prada,1.0
1976,Prada,2.5
1977,Prada,4.666666666666667
1978,Prada,3.2222222222222223
1979,Prada,3.0
1980,Prada,2.25
1981,Prada,4.666666666666667
1982,Prada,1.8333333333333333
1983,Prada,0.5
1984,Prada,1.7222222222222223
1985,Prada,1.75
1986,Puppey,2.5
1987,Puppey,5.25
1988,Puppey,3.1666666666666665
1989,Puppey,7.75
1990,Puppey,4.4
1991,Puppey,8.5
1992,Puppey,2.0
1993,Puppey,1.3636363636363635
1994,Puppey,1.1111111111111112
1995,Puppey,4.6
1996,Puppey,2.142857142857143
1997,Puppey,1.8571428571428572
1998,Puppey,1.9333333333333333
1999,Puppey,2.0
2000,Puppey,4.5
2001,Puppey,0.6666666666666666
2002,Puppey,1.8
2003,Puppey,2.75
2004,Puppey,0.9166666666666666
2005,Puppey,0.8888888888888888
2006,Puppey,2.1538461538461537
2007,Puppey,9.0
2008,Puppey,1.0769230769230769
2009,Puppey,17.0
2010,Puppey,2.3333333333333335
2011,Puppey,1.0
2012,Pyw,9.0
2013,Pyw,3.5
2014,Pyw,1.1818181818181819
2015,Pyw,5.0
2016,Pyw,1.3333333333333333
2017,Pyw,4.333333333333333
2018,Pyw,1.1111111111111112
2019,Pyw,1.0666666666666667
2020,Pyw,4.0
2021,Pyw,3.5
2022,Pyw,3.857142857142857
2023,Pyw,1.0
2024,Pyw,1.1818181818181819
2025,Pyw,0.45454545454545453
2026,Pyw,0.0
2027,Pyw,0.875
2028,Pyw,6.75
2029,Pyw,2.4
2030,Pyw,6.0
2031,Pyw,0.45454545454545453
2032,Pyw,0.3333333333333333
2033,Pyw,10.0
2034,Pyw,3.0
2035,Pyw,3.1818181818181817
2036,Pyw,8.5
2037,Pyw,3.0
2038,Q,2.125
2039,Q,3.8333333333333335
2040,Q,3.2
2041,Q,0.6666666666666666
2042,Q,2.4444444444444446
2043,Q,1.8888888888888888
2044,Q,14.0
2045,Q,22.0
2046,Q,3.8
2047,Q,3.8
2048,Q,2.142857142857143
2049,Q,4.0
2050,Q,2.5
2051,Q,1.3333333333333333
2052,Q,14.0
2053,Q,4.166666666666667
2054,Q,2.0
2055,Q,1.8
2056,Q,2.25
2057,Q,2.0
2058,Q,12.0
2059,Q,0.625
2060,Q,0.0
2061,Q,3.2
2062,Q,2.7
2063,Q,0.9230769230769231
2064,Q,2.142857142857143
2065,Q,1.9
2066,Q,1.1111111111111112
2067,Q,0.625
2068,RAMZeS666,2.2
2069,RAMZeS666,5.5
2070,RAMZeS666,2.5714285714285716
2071,RAMZeS666,6.666666666666667
2072,RAMZeS666,3.111111111111111
2073,RAMZeS666,1.125
2074,RAMZeS666,20.0
2075,RAMZeS666,6.0
2076,RAMZeS666,0.75
2077,RAMZeS666,6.0
2078,RAMZeS666,3.5
2079,RAMZeS666,3.2857142857142856
2080,RAMZeS666,6.75
2081,RAMZeS666,1.1111111111111112
2082,RAMZeS666,4.666666666666667
2083,RAMZeS666,4.0
2084,RAMZeS666,2.2
2085,RAMZeS666,9.0
2086,RAMZeS666,12.5
2087,RAMZeS666,2.2
2088,RAMZeS666,2.857142857142857
2089,RAMZeS666,11.5
2090,RAMZeS666,5.166666666666667
2091,RAMZeS666,6.5
2092,RAMZeS666,10.333333333333334
2093,Ranpo,1.1428571428571428
2094,Ranpo,3.2857142857142856
2095,Ranpo,1.0833333333333333
2096,Ranpo,2.0
2097,Ranpo,4.333333333333333
2098,Ranpo,1.2666666666666666
2099,Ranpo,0.8
2100,Raven,6.0
2101,Raven,3.5
2102,Raven,2.125
2103,Raven,1.2857142857142858
2104,Raven,11.333333333333334
2105,Raven,9.5
2106,Raven,20.0
2107,Raven,1.4444444444444444
2108,Raven,6.5
2109,Raven,5.666666666666667
2110,Raven,1.6
2111,Raven,1.4
2112,Raven,1.0
2113,Raven,20.0
2114,Raven,21.0
2115,Raven,1.8333333333333333
2116,Raven,3.6666666666666665
2117,Raven,12.5
2118,Raven,11.0
2119,Raven,7.666666666666667
2120,Raven,5.75
2121,Raven,14.0
2122,Raven,10.0
2123,Raven,3.75
2124,Raven,7.5
2125,Raven,6.0
2126,Raven,2.8
2127,Raven,12.0
2128,Raven,3.0
2129,Raven,1.3333333333333333
2130,Raven,0.4
2131,Resolut1on,3.0
2132,Resolut1on,2.5714285714285716
2133,Resolut1on,1.2857142857142858
2134,Resolut1on,10.0
2135,Resolut1on,4.0
2136,Resolut1on,9.0
2137,Resolut1on,1.125
2138,Resolut1on,7.666666666666667
2139,Resolut1on,15.5
2140,Resolut1on,8.0
2141,Resolut1on,2.75
2142,Resolut1on,15.0
2143,Resolut1on,7.5
2144,Resolut1on,3.1666666666666665
2145,Resolut1on,10.333333333333334
2146,Resolut1on,5.0
2147,Resolut1on,9.5
2148,Resolut1on,6.25
2149,Resolut1on,11.0
2150,Resolut1on,15.0
2151,Resolut1on,12.5
2152,Resolut1on,6.2
2153,Resolut1on,15.0
2154,Resolut1on,3.5
2155,Resolut1on,7.5
2156,Resolut1on,2.0
2157,Resolut1on,10.5
2158,Resolut1on,2.0
2159,Resolut1on,10.5
2160,Resolut1on,1.2857142857142858
2161,Resolut1on,2.5
2162,RodjER,3.2857142857142856
2163,RodjER,3.7777777777777777
2164,RodjER,3.75
2165,RodjER,1.3636363636363635
2166,RodjER,1.8571428571428572
2167,RodjER,4.0
2168,RodjER,1.125
2169,RodjER,10.5
2170,RodjER,0.625
2171,RodjER,4.333333333333333
2172,RodjER,2.25
2173,RodjER,0.8888888888888888
2174,RodjER,1.5454545454545454
2175,RodjER,2.25
2176,RodjER,2.7777777777777777
2177,RodjER,1.5
2178,RodjER,3.5
2179,RodjER,3.75
2180,RodjER,4.4
2181,RodjER,9.0
2182,RodjER,9.666666666666666
2183,RodjER,5.4
2184,RodjER,2.2857142857142856
2185,RodjER,1.4285714285714286
2186,RodjER,3.6666666666666665
2187,Ryoya,3.0
2188,Ryoya,1.4444444444444444
2189,Ryoya,0.5454545454545454
2190,Ryoya,1.8
2191,Ryoya,5.125
2192,Ryoya,14.0
2193,Ryoya,13.0
2194,Ryoya,1.6
2195,Ryoya,3.5
2196,Ryoya,7.25
2197,Ryoya,1.0
2198,Ryoya,1.6666666666666667
2199,Ryoya,0.6666666666666666
2200,Ryoya,0.8333333333333334
2201,Ryoya,7.5
2202,SVG,1.8
2203,SVG,3.5
2204,SVG,2.1
2205,SVG,8.0
2206,SVG,1.3333333333333333
2207,SVG,1.8181818181818181
2208,SVG,2.8
2209,SVG,3.4285714285714284
2210,SVG,3.0
2211,SVG,1.6363636363636365
2212,SVG,8.0
2213,SVG,8.5
2214,SVG,1.0
2215,SVG,1.6363636363636365
2216,SVG,2.1
2217,SVG,2.75
2218,SVG,8.0
2219,SVG,2.75
2220,SVG,2.2
2221,SVG,1.1
2222,SVG,3.6666666666666665
2223,SVG,5.5
2224,SVG,4.714285714285714
2225,SVG,6.666666666666667
2226,SVG,3.857142857142857
2227,SVG,3.2
2228,SVG,2.1666666666666665
2229,SVG,0.8888888888888888
2230,SVG,4.0
2231,SVG,2.1818181818181817
2232,SVG,0.5
2233,SaintDeLucaz,0.8888888888888888
2234,SaintDeLucaz,10.0
2235,SaintDeLucaz,1.0
2236,SaintDeLucaz,9.666666666666666
2237,SaintDeLucaz,2.111111111111111
2238,SaintDeLucaz,5.0
2239,SaintDeLucaz,0.7272727272727273
2240,Saksa,0.5454545454545454
2241,Saksa,2.5
2242,Saksa,0.7
2243,Saksa,1.8181818181818181
2244,Saksa,0.6
2245,Saksa,2.2
2246,Saksa,2.6
2247,Saksa,2.2
2248,Saksa,2.625
2249,Saksa,0.9090909090909091
2250,Saksa,0.7777777777777778
2251,Saksa,3.0
2252,Saksa,2.4
2253,Saksa,4.0
2254,SamH,1.6666666666666667
2255,SamH,8.0
2256,SamH,5.666666666666667
2257,SamH,7.666666666666667
2258,SamH,0.8571428571428571
2259,SamH,1.4
2260,SamH,5.75
2261,SamH,4.571428571428571
2262,SamH,1.0
2263,SamH,5.0
2264,SamH,3.8
2265,SamH,15.5
2266,SamH,5.333333333333333
2267,SamH,2.25
2268,SamH,3.142857142857143
2269,SamH,4.75
2270,SamH,3.5
2271,SamH,2.25
2272,SamH,9.666666666666666
2273,SamH,1.2857142857142858
2274,SamH,7.0
2275,SamH,7.0
2276,SamH,1.6
2277,SamH,8.0
2278,SamH,2.2857142857142856
2279,SamH,1.75
2280,SamH,1.5714285714285714
2281,SamH,2.6666666666666665
2282,SamH,3.0
2283,SamH,4.8
2284,SamH,2.3333333333333335
2285,Sammyboy,0.8181818181818182
2286,Sammyboy,0.25
2287,Sammyboy,0.4
2288,Sammyboy,1.5
2289,Sammyboy,1.7692307692307692
2290,Sammyboy,1.0769230769230769
2291,Sammyboy,0.7692307692307693
2292,Sccc,1.8571428571428572
2293,Sccc,41.0
2294,Sccc,2.2
2295,Sccc,1.3333333333333333
2296,Sccc,3.4444444444444446
2297,Sccc,5.25
2298,Sccc,21.0
2299,Sccc,2.857142857142857
2300,Sccc,9.666666666666666
2301,Sccc,4.0
2302,Sccc,1.4285714285714286
2303,Sccc,2.4
2304,Sccc,3.7142857142857144
2305,Sccc,0.16666666666666666
2306,Sccc,2.8333333333333335
2307,Sccc,1.6666666666666667
2308,Sccc,7.333333333333333
2309,Sccc,4.75
2310,Sccc,8.333333333333334
2311,Scofield,0.75
2312,Scofield,3.1666666666666665
2313,Scofield,0.5
2314,Scofield,6.4
2315,Scofield,1.4166666666666667
2316,Scofield,2.0
2317,Scofield,1.8235294117647058
2318,Scofield,2.0833333333333335
2319,Scofield,0.6666666666666666
2320,Scofield,3.8
2321,Scofield,1.25
2322,Silent,1.6666666666666667
2323,Silent,0.9090909090909091
2324,Silent,7.0
2325,Silent,0.6666666666666666
2326,Silent,1.8
2327,Silent,3.5
2328,Silent,7.0
2329,Silent,3.857142857142857
2330,Silent,2.25
2331,Silent,0.375
2332,Silent,3.625
2333,Silent,5.166666666666667
2334,Silent,3.0
2335,Silent,14.5
2336,Silent,0.8571428571428571
2337,Silent,1.4
2338,Silent,0.5555555555555556
2339,Silent,1.2857142857142858
2340,Silent,9.333333333333334
2341,Silent,2.4
2342,Silent,8.5
2343,Silent,3.25
2344,Silent,21.0
2345,Silent,4.25
2346,Silent,1.75
2347,Silent,9.5
2348,Silent,4.666666666666667
2349,Silent,9.5
2350,Silent,3.0
2351,Silent,2.0
2352,Slayer,1.4
2353,Sneyking,6.0
2354,Sneyking,5.2
2355,Sneyking,2.9
2356,Sneyking,0.75
2357,Sneyking,3.5
2358,Sneyking,4.666666666666667
2359,Sneyking,10.0
2360,Sneyking,2.142857142857143
2361,Sneyking,2.142857142857143
2362,Sneyking,1.4444444444444444
2363,Sneyking,2.6666666666666665
2364,Sneyking,4.111111111111111
2365,Sneyking,4.0
2366,Sneyking,0.5833333333333334
2367,Sneyking,1.5555555555555556
2368,Sneyking,3.2857142857142856
2369,Sneyking,5.0
2370,Sneyking,22.0
2371,Sneyking,7.0
2372,Sneyking,3.857142857142857
2373,Sneyking,1.9090909090909092
2374,Sneyking,3.1666666666666665
2375,Sneyking,4.25
2376,Sneyking,3.5
2377,Sneyking,3.6666666666666665
2378,Sneyking,1.5
2379,Sneyking,2.3333333333333335
2380,Sneyking,16.0
2381,Sneyking,5.4
2382,Sneyking,4.714285714285714
2383,Sneyking,1.0
2384,SoNNeikO,1.3333333333333333
2385,Solo,0.5833333333333334
2386,Solo,2.8333333333333335
2387,Solo,1.0
2388,Solo,3.111111111111111
2389,Solo,6.4
2390,Solo,1.7692307692307692
2391,Solo,0.9285714285714286
2392,Solo,3.5714285714285716
2393,Solo,2.888888888888889
2394,Solo,4.375
2395,Solo,4.285714285714286
2396,Solo,3.5714285714285716
2397,Solo,2.1
2398,Solo,1.9230769230769231
2399,Solo,2.7142857142857144
2400,Solo,3.6
2401,Solo,1.25
2402,Solo,3.8333333333333335
2403,Solo,1.5
2404,Solo,2.6666666666666665
2405,Solo,3.111111111111111
2406,Solo,3.1818181818181817
2407,Solo,1.375
2408,Solo,0.9230769230769231
2409,Solo,4.5
2410,Sonic,1.4285714285714286
2411,Sooths,2.3333333333333335
2412,Sooths,1.5
2413,Sooths,13.0
2414,Srf,4.285714285714286
2415,Srf,1.25
2416,Srf,2.111111111111111
2417,Srf,2.375
2418,Srf,13.0
2419,Srf,1.8333333333333333
2420,Srf,1.3
2421,Srf,1.8571428571428572
2422,Srf,7.0
2423,Srf,2.6
2424,Srf,12.0
2425,Srf,1.25
2426,Srf,7.0
2427,Srf,1.0
2428,Srf,9.0
2429,Srf,3.75
2430,Srf,2.375
2431,Srf,1.6
2432,Srf,0.7142857142857143
2433,Srf,1.1666666666666667
2434,Srf,0.3333333333333333
2435,Srf,25.0
2436,Srf,1.8333333333333333
2437,Srf,2.0
2438,Srf,2.5
2439,Srf,5.25
2440,Srf,4.5
2441,Srf,3.9
2442,Srf,3.0
2443,Srf,0.5
2444,Stan King,1.5714285714285714
2445,Stan King,4.142857142857143
2446,Stan King,0.9333333333333333
2447,Stan King,3.75
2448,Stan King,1.4
2449,Stan King,2.090909090909091
2450,Stan King,2.375
2451,Stan King,3.6
2452,Stan King,2.125
2453,Stan King,1.5
2454,Stan King,2.625
2455,Stan King,6.5
2456,Stan King,1.0
2457,Stan King,1.9090909090909092
2458,Stan King,2.75
2459,Stan King,3.2
2460,Stan King,2.6666666666666665
2461,Stan King,0.3333333333333333
2462,Stan King,2.2
2463,Stan King,3.75
2464,SumaiL,5.25
2465,SumaiL,2.5
2466,SumaiL,2.1666666666666665
2467,SumaiL,3.4285714285714284
2468,SumaiL,10.333333333333334
2469,SumaiL,3.0
2470,SumaiL,4.111111111111111
2471,SumaiL,9.5
2472,SumaiL,5.333333333333333
2473,SumaiL,12.0
2474,SumaiL,3.625
2475,SumaiL,11.0
2476,SumaiL,3.2857142857142856
2477,SumaiL,2.3333333333333335
2478,SumaiL,5.0
2479,SumaiL,8.0
2480,SumaiL,1.4444444444444444
2481,SumaiL,3.857142857142857
2482,SumaiL,14.5
2483,SumaiL,1.8333333333333333
2484,SumaiL,6.25
2485,SumaiL,1.5
2486,SumaiL,8.5
2487,SumaiL,2.7142857142857144
2488,SumaiL,5.0
2489,SumaiL,22.0
2490,SumaiL,3.0
2491,SumaiL,4.4
2492,SumaiL,1.0
2493,SumaiL,1.6666666666666667
2494,SumaiL,7.8
2495,SumaiL,2.6
2496,SumaiL,9.333333333333334
2497,SumaiL,10.5
2498,SumaiL,3.0
2499,SumaiL,9.0
2500,SumaiL,12.5
2501,SumaiL,4.75
2502,Super,18.0
2503,Super,4.5
2504,Super,2.5
2505,Super,6.0
2506,Super,2.142857142857143
2507,Super,0.7142857142857143
2508,Super,1.1666666666666667
2509,Super,8.666666666666666
2510,Super,3.1666666666666665
2511,Super,4.0
2512,Super,2.6666666666666665
2513,Super,3.1666666666666665
2514,Sword,4.0
2515,Sword,1.2
2516,Sword,0.8
2517,Sylar,1.4444444444444444
2518,Sylar,5.0
2519,Sylar,11.5
2520,Sylar,8.25
2521,Sylar,1.5
2522,Sylar,9.333333333333334
2523,Sylar,13.5
2524,Sylar,2.5
2525,Sylar,2.0
2526,Sylar,3.5
2527,Sylar,4.142857142857143
2528,Sylar,3.8
2529,Sylar,1.0
2530,Sylar,5.166666666666667
2531,Sylar,6.25
2532,Sylar,2.5555555555555554
2533,Sylar,2.2
2534,Tims,3.125
2535,Tims,2.75
2536,Tims,0.8888888888888888
2537,Tims,2.5714285714285716
2538,Tims,1.8571428571428572
2539,Tims,1.8888888888888888
2540,Tims,4.833333333333333
2541,Tims,4.666666666666667
2542,Tims,3.0
2543,Tims,2.6666666666666665
2544,Tims,1.4
2545,Tims,1.3
2546,Tims,7.0
2547,Tims,1.0714285714285714
2548,Tims,9.5
2549,Tims,5.666666666666667
2550,Tims,5.8
2551,Tims,1.0
2552,Tims,1.9
2553,Tims,3.1666666666666665
2554,Tims,3.5
2555,Tims,3.4
2556,Tims,1.0
2557,Tims,0.5454545454545454
2558,Tims,12.5
2559,Tims,1.0
2560,Tims,1.6153846153846154
2561,Tims,1.8
2562,Tims,5.0
2563,Tims,0.5
2564,Tims,5.0
2565,Topson,4.0
2566,Topson,6.333333333333333
2567,Topson,1.1111111111111112
2568,Topson,7.0
2569,Topson,3.0
2570,Topson,2.5714285714285716
2571,Topson,1.7272727272727273
2572,Topson,2.9166666666666665
2573,Topson,3.090909090909091
2574,Topson,2.5
2575,Topson,3.142857142857143
2576,Topson,7.75
2577,Topson,1.9285714285714286
2578,Topson,2.4166666666666665
2579,Topson,3.0
2580,Topson,16.0
2581,Topson,2.5
2582,Topson,1.5
2583,Topson,4.0
2584,Topson,1.1111111111111112
2585,Topson,2.2857142857142856
2586,Topson,5.75
2587,Topson,1.1111111111111112
2588,Topson,3.4
2589,Topson,2.875
2590,Topson,0.125
2591,Topson,4.5
2592,Topson,1.0
2593,Topson,1.8571428571428572
2594,Topson,2.2
2595,Topson,11.0
2596,Topson,3.4285714285714284
2597,Topson,3.5
2598,Topson,2.125
2599,Topson,3.3333333333333335
2600,Topson,1.8888888888888888
2601,Topson,1.8
2602,Topson,3.0
2603,Topson,4.166666666666667
2604,Topson,2.111111111111111
2605,Topson,8.0
2606,Topson,2.625
2607,Topson,0.38461538461538464
2608,Topson,5.75
2609,Topson,1.0
2610,UnderShock,1.3
2611,Universe,1.1428571428571428
2612,Universe,4.333333333333333
2613,Universe,2.0
2614,Universe,7.0
2615,Universe,1.25
2616,Universe,6.0
2617,Universe,5.333333333333333
2618,Universe,32.0
2619,Universe,1.0
2620,Universe,3.2
2621,Universe,1.5
2622,Universe,9.0
2623,Universe,11.333333333333334
2624,Universe,5.666666666666667
2625,Universe,2.5
2626,Universe,3.857142857142857
2627,Universe,4.125
2628,Universe,4.333333333333333
2629,Universe,3.4
2630,Universe,4.0
2631,Universe,6.333333333333333
2632,Universe,3.4
2633,Universe,7.5
2634,Universe,23.0
2635,Universe,2.1
2636,Universe,13.0
2637,Universe,7.666666666666667
2638,Universe,1.5
2639,VANSKOR,2.6666666666666665
2640,VANSKOR,1.4
2641,VANSKOR,1.1111111111111112
2642,VANSKOR,2.5
2643,VANSKOR,3.3333333333333335
2644,Velo,1.2
2645,Velo,5.2
2646,Velo,1.25
2647,Velo,0.8
2648,Velo,1.9
2649,Velo,1.5
2650,Velo,0.6
2651,Velo,8.0
2652,Velo,6.333333333333333
2653,Velo,2.5
2654,Velo,3.0
2655,Velo,7.75
2656,Velo,2.125
2657,Velo,1.125
2658,Velo,2.3333333333333335
2659,W_Zayac,1.4545454545454546
2660,XCJ,0.8
2661,XCJ,11.0
2662,XCJ,0.5454545454545454
2663,XCJ,5.4
2664,XCJ,1.875
2665,XCJ,0.4444444444444444
2666,XCJ,0.8571428571428571
2667,XCJ,0.5384615384615384
2668,XCJ,9.0
2669,XCJ,8.6
2670,XCJ,1.8
2671,XCJ,3.0
2672,XCJ,2.125
2673,XCJ,3.0
2674,XCJ,0.46153846153846156
2675,XCJ,1.3
2676,XCJ,5.5
2677,XCJ,0.625
2678,XCJ,4.5
2679,XCJ,0.5
2680,XCJ,6.0
2681,XCJ,2.2857142857142856
2682,XCJ,0.8181818181818182
2683,XCJ,4.285714285714286
2684,XCJ,3.0
2685,XCJ,4.5
2686,Xepher,2.3333333333333335
2687,Xepher,1.4285714285714286
2688,Xepher,0.75
2689,Xepher,2.5
2690,Xepher,1.1818181818181819
2691,Xepher,2.3
2692,Xepher,1.0
2693,Xepher,2.857142857142857
2694,Xepher,1.6
2695,Xepher,3.4
2696,Xepher,3.75
2697,Xepher,2.5714285714285716
2698,Xepher,4.666666666666667
2699,Xepher,1.8571428571428572
2700,Xepher,1.875
2701,XinQ,19.0
2702,XinQ,30.0
2703,XinQ,7.5
2704,XinQ,3.25
2705,XinQ,13.0
2706,XinQ,0.6666666666666666
2707,XinQ,4.8
2708,XinQ,9.0
2709,XinQ,3.8333333333333335
2710,XinQ,1.8
2711,XinQ,0.8333333333333334
2712,XinQ,2.2
2713,XinQ,1.2857142857142858
2714,XinQ,6.666666666666667
2715,XinQ,20.0
2716,XinQ,0.3333333333333333
2717,XinQ,7.166666666666667
2718,XinQ,0.625
2719,XinQ,2.0
2720,XinQ,1.3333333333333333
2721,XinQ,16.5
2722,XinQ,3.2857142857142856
2723,XinQ,9.5
2724,XinQ,2.857142857142857
2725,XinQ,3.0
2726,XinQ,0.75
2727,Xxs,20.0
2728,Xxs,0.25
2729,Xxs,9.333333333333334
2730,Xxs,12.0
2731,Xxs,1.4
2732,Xxs,10.333333333333334
2733,Xxs,1.0
2734,Xxs,3.857142857142857
2735,Xxs,11.5
2736,Xxs,3.0
2737,Xxs,3.3636363636363638
2738,Xxs,3.4
2739,Xxs,0.8333333333333334
2740,Xxs,5.0
2741,Xxs,5.4
2742,Xxs,12.5
2743,Xxs,3.75
2744,Xxs,1.0
2745,Xxs,4.6
2746,Xxs,1.8333333333333333
2747,Xxs,1.75
2748,Xxs,3.6666666666666665
2749,Xxs,1.6
2750,Xxs,2.8
2751,Xxs,1.375
2752,Xxs,3.5
2753,Xxs,2.0
2754,Xxs,2.0
2755,Xxs,0.8
2756,Xxs,2.6666666666666665
2757,YamateH,3.8333333333333335
2758,YamateH,2.142857142857143
2759,YamateH,1.4285714285714286
2760,YamateH,0.9090909090909091
2761,YamateH,0.375
2762,YamateH,2.888888888888889
2763,YamateH,11.0
2764,Yang,4.2
2765,Yang,1.2
2766,Yang,1.6666666666666667
2767,Yang,1.0
2768,Yang,9.333333333333334
2769,Yang,11.0
2770,Yang,1.3076923076923077
2771,Yang,0.7
2772,Yang,4.285714285714286
2773,Yang,4.5
2774,Yang,0.75
2775,Yang,2.4
2776,Yang,1.8333333333333333
2777,Yang,11.0
2778,Yang,0.1111111111111111
2779,Yang,1.5714285714285714
2780,Yang,10.666666666666666
2781,YapzOr,1.4444444444444444
2782,YapzOr,10.666666666666666
2783,YapzOr,15.0
2784,YapzOr,9.5
2785,YapzOr,1.6
2786,YapzOr,2.9
2787,YapzOr,1.6666666666666667
2788,YapzOr,2.625
2789,YapzOr,14.5
2790,YapzOr,2.5555555555555554
2791,YapzOr,6.2
2792,YapzOr,23.0
2793,YapzOr,3.6666666666666665
2794,YapzOr,2.25
2795,YapzOr,3.2857142857142856
2796,YapzOr,4.833333333333333
2797,YapzOr,3.6666666666666665
2798,YapzOr,9.5
2799,YapzOr,8.0
2800,YapzOr,6.8
2801,YapzOr,1.9166666666666667
2802,YapzOr,1.5
2803,YapzOr,1.0
2804,YapzOr,18.0
2805,YapzOr,4.857142857142857
2806,YapzOr,2.0
2807,YawaR,6.25
2808,YawaR,2.142857142857143
2809,YawaR,3.75
2810,YawaR,8.333333333333334
2811,YawaR,4.666666666666667
2812,YawaR,11.0
2813,YawaR,5.25
2814,YawaR,4.833333333333333
2815,YawaR,9.25
2816,YawaR,5.0
2817,YawaR,4.8
2818,YawaR,15.0
2819,YawaR,3.125
2820,YawaR,2.0
2821,YawaR,14.0
2822,YawaR,11.0
2823,YawaR,0.8571428571428571
2824,YawaR,7.0
2825,YawaR,1.8333333333333333
2826,YawaR,1.6666666666666667
2827,YawaR,0.8
2828,YawaR,4.0
2829,YawaR,3.2
2830,YawaR,4.6
2831,YawaR,0.4
2832,YawaR,6.5
2833,YawaR,9.5
2834,YawaR,21.0
2835,YawaR,8.5
2836,YawaR,3.0
2837,YawaR,10.0
2838,Zfreek,1.7692307692307692
2839,Zfreek,0.25
2840,Zfreek,0.3333333333333333
2841,Zfreek,8.2
2842,Zfreek,2.6666666666666665
2843,Zfreek,3.5454545454545454
2844,Zfreek,1.4285714285714286
2845,Zfreek,2.4285714285714284
2846,Zfreek,5.6
2847,Zfreek,3.6
2848,Zfreek,8.0
2849,Zfreek,8.5
2850,Zfreek,3.2857142857142856
2851,Zyd,1.6666666666666667
2852,Zyd,3.0
2853,Zyd,5.5
2854,Zyd,0.3333333333333333
2855,Zyd,3.5555555555555554
2856,Zyd,9.666666666666666
2857,Zyd,6.75
2858,Zyd,5.2
2859,Zyd,11.5
2860,Zyd,1.25
2861,Zyd,1.0
2862,Zyd,1.0
2863,Zyd,0.8333333333333334
2864,Zyd,2.3333333333333335
2865,Zyd,5.333333333333333
2866,Zyd,1.0
2867,Zyd,1.1
2868,Zyd,7.666666666666667
2869,Zyd,1.5
2870,Zyd,4.25
2871,Zyd,2.75
2872,Zyd,5.25
2873,Zyd,26.0
2874,Zyd,5.8
2875,Zyd,15.0
2876,Zyd,1.4
2877,ana,5.5
2878,ana,5.75
2879,ana,4.333333333333333
2880,ana,5.666666666666667
2881,ana,3.75
2882,ana,1.3333333333333333
2883,ana,0.8333333333333334
2884,ana,3.4166666666666665
2885,ana,5.6
2886,ana,1.3
2887,ana,3.75
2888,ana,4.2
2889,ana,1.25
2890,ana,2.4545454545454546
2891,ana,1.0
2892,ana,10.0
2893,ana,3.25
2894,ana,2.3333333333333335
2895,ana,5.5
2896,ana,17.0
2897,ana,2.8333333333333335
2898,ana,4.5
2899,ana,1.0
2900,ana,23.0
2901,ana,3.0
2902,ana,4.5
2903,ana,10.0
2904,ana,4.125
2905,ana,1.2857142857142858
2906,ana,2.8333333333333335
2907,ana,2.0
2908,ana,21.0
2909,ana,8.5
2910,ana,1.75
2911,ana,25.0
2912,ana,1.8888888888888888
2913,ana,0.8571428571428571
2914,ana,3.875
2915,ana,3.0
2916,ana,15.0
2917,ana,5.8
2918,ana,6.0
2919,ana,3.7142857142857144
2920,ana,0.6363636363636364
2921,ana,7.0
2922,busen,1.1428571428571428
2923,busen,4.0
2924,busen,27.0
2925,busen,14.0
2926,busen,6.75
2927,busen,9.75
2928,busen,7.333333333333333
2929,busen,1.8888888888888888
2930,busen,10.0
2931,busen,12.5
2932,busen,7.0
2933,busen,0.5
2934,busen,2.5
2935,busen,7.0
2936,busen,2.0
2937,busen,2.5
2938,busen,1.375
2939,busen,8.333333333333334
2940,busen,7.0
2941,busen,3.0
2942,busen,1.8
2943,busen,1.4
2944,busen,16.0
2945,busen,1.75
2946,busen,2.2
2947,busen,1.6666666666666667
2948,busen,8.333333333333334
2949,busen,1.1428571428571428
2950,busen,0.6666666666666666
2951,busen,1.8333333333333333
2952,busen,8.0
2953,busen,8.0
2954,busen,2.7777777777777777
2955,busen,1.4
2956,busen,11.0
2957,busen,13.0
2958,busen,21.0
2959,busen,1.0
2960,busen,2.3333333333333335
2961,busen,1.0909090909090908
2962,canceL^^,1.3333333333333333
2963,canceL^^,1.5
2964,canceL^^,4.333333333333333
2965,canceL^^,0.5
2966,canceL^^,6.0
2967,canceL^^,2.0
2968,chshrct,2.0
2969,chshrct,5.25
2970,chshrct,2.857142857142857
2971,chshrct,0.6
2972,chshrct,2.1666666666666665
2973,closetboy,0.7777777777777778
2974,closetboy,1.5
2975,closetboy,1.0714285714285714
2976,closetboy,0.07142857142857142
2977,closetboy,0.6
2978,closetboy,4.428571428571429
2979,closetboy,1.6666666666666667
2980,clownchello,1.8333333333333333
2981,clownchello,4.142857142857143
2982,ddc,1.6428571428571428
2983,ddc,1.8235294117647058
2984,ddc,2.076923076923077
2985,ddc,2.5
2986,ddc,3.6
2987,ddc,2.1
2988,ddc,0.5
2989,ddc,2.5
2990,ddc,0.7
2991,ddc,3.8333333333333335
2992,ddc,0.6666666666666666
2993,ddc,0.6
2994,ddc,0.9230769230769231
2995,ddc,0.7
2996,ddc,2.4444444444444446
2997,ddc,2.857142857142857
2998,ddc,1.2857142857142858
2999,eL lisaSh,1.1666666666666667
3000,eL lisaSh,1.6875
3001,eL lisaSh,0.8888888888888888
3002,eL lisaSh,1.0
3003,eL lisaSh,3.75
3004,eL lisaSh,5.0
3005,eL lisaSh,1.0
3006,eL lisaSh,5.333333333333333
3007,eL lisaSh,2.0
3008,eL lisaSh,2.875
3009,felixciaoba,2.3333333333333335
3010,felixciaoba,2.142857142857143
3011,felixciaoba,0.1111111111111111
3012,felixciaoba,1.875
3013,felixciaoba,1.6666666666666667
3014,felixciaoba,4.0
3015,felixciaoba,7.75
3016,fn,4.8
3017,fn,2.75
3018,fy,2.75
3019,fy,3.0
3020,fy,4.0
3021,fy,2.375
3022,fy,4.8
3023,fy,3.0
3024,fy,2.7142857142857144
3025,fy,4.75
3026,fy,7.0
3027,fy,3.0
3028,fy,5.5
3029,fy,5.142857142857143
3030,fy,5.75
3031,fy,8.666666666666666
3032,fy,0.6
3033,fy,3.888888888888889
3034,fy,1.5555555555555556
3035,fy,8.0
3036,fy,5.0
3037,fy,3.25
3038,fy,1.625
3039,fy,1.4444444444444444
3040,fy,6.2
3041,fy,5.8
3042,fy,1.5
3043,fy,1.9
3044,fy,4.0
3045,fy,3.4
3046,fy,1.7
3047,fy,1.4166666666666667
3048,happy,3.8333333333333335
3049,happy,1.0
3050,happy,10.333333333333334
3051,happy,3.0
3052,happy,0.6
3053,happy,0.1111111111111111
3054,happy,8.666666666666666
3055,happy,3.25
3056,happy,2.2222222222222223
3057,happy,2.0
3058,happy,5.4
3059,happy,6.0
3060,happy,7.0
3061,happy,2.25
3062,happy,2.1
3063,happy,3.6666666666666665
3064,happy,2.0
3065,happy,5.0
3066,happy,2.25
3067,happy,6.0
3068,happy,1.0
3069,happy,4.75
3070,happy,3.1666666666666665
3071,happy,13.0
3072,happy,11.0
3073,happy,0.8333333333333334
3074,happy,4.0
3075,happy,5.0
3076,happy,2.5714285714285716
3077,happy,11.333333333333334
3078,iLTW,3.3333333333333335
3079,iLTW,4.142857142857143
3080,iLTW,1.6666666666666667
3081,iLTW,6.25
3082,iLTW,5.0
3083,iLTW,1.6
3084,iLTW,5.5
3085,iLTW,21.0
3086,iLTW,10.5
3087,iLTW,1.5
3088,iLTW,2.4545454545454546
3089,iLTW,8.333333333333334
3090,iLTW,8.0
3091,iLTW,1.1111111111111112
3092,iLTW,4.428571428571429
3093,iNSaNia,0.6666666666666666
3094,iNSaNia,1.8888888888888888
3095,iNSaNia,4.0
3096,iNSaNia,1.8888888888888888
3097,iNSaNia,2.857142857142857
3098,iNSaNia,3.5
3099,iNSaNia,3.25
3100,iceiceice,12.0
3101,iceiceice,1.8
3102,iceiceice,1.1428571428571428
3103,iceiceice,3.4
3104,iceiceice,1.8571428571428572
3105,iceiceice,2.125
3106,iceiceice,1.6666666666666667
3107,iceiceice,3.3636363636363638
3108,iceiceice,1.3333333333333333
3109,iceiceice,1.0
3110,iceiceice,1.75
3111,iceiceice,1.1111111111111112
3112,iceiceice,12.0
3113,iceiceice,3.3333333333333335
3114,iceiceice,4.142857142857143
3115,iceiceice,5.25
3116,iceiceice,2.5555555555555554
3117,iceiceice,1.5714285714285714
3118,iceiceice,0.875
3119,idc,4.285714285714286
3120,idc,4.857142857142857
3121,idc,1.3333333333333333
3122,idc,6.5
3123,idc,4.0
3124,idc,2.142857142857143
3125,idc,0.2
3126,jiajia,14.5
3127,jiajia,2.375
3128,jiajia,1.0
3129,jobeeEZy,1.3333333333333333
3130,jobeeEZy,1.2222222222222223
3131,jobeeEZy,1.125
3132,jobeeEZy,5.75
3133,jobeeEZy,1.2857142857142858
3134,jobeeEZy,3.6
3135,jobeeEZy,2.7142857142857144
3136,jobeeEZy,2.111111111111111
3137,jobeeEZy,2.6
3138,jobeeEZy,0.6363636363636364
3139,jobeeEZy,2.2222222222222223
3140,jobeeEZy,1.75
3141,k`wonderkid,3.4
3142,k`wonderkid,4.666666666666667
3143,k`wonderkid,1.3333333333333333
3144,k`wonderkid,5.666666666666667
3145,k`wonderkid,6.666666666666667
3146,k`wonderkid,3.75
3147,k`wonderkid,0.5714285714285714
3148,k`wonderkid,7.0
3149,k`wonderkid,0.6666666666666666
3150,k`wonderkid,1.0
3151,k`wonderkid,4.25
3152,k`wonderkid,2.2857142857142856
3153,k`wonderkid,3.25
3154,k`wonderkid,3.3333333333333335
3155,k`wonderkid,23.0
3156,kacor,5.166666666666667
3157,kacor,1.7857142857142858
3158,kacor,7.5
3159,kacor,1.1111111111111112
3160,kacor,2.0
3161,kacor,1.1
3162,kacor,0.8571428571428571
3163,kacor,0.875
3164,kacor,4.166666666666667
3165,kacor,1.8
3166,kaka,1.8181818181818181
3167,kaka,5.2
3168,kaka,4.333333333333333
3169,kaka,0.9333333333333333
3170,kaka,2.5
3171,kaka,2.4285714285714284
3172,kaka,2.4285714285714284
3173,kaka,2.888888888888889
3174,kaka,4.5
3175,kaka,2.0
3176,kaka,2.2
3177,kaka,1.4
3178,kaka,3.4285714285714284
3179,kaka,3.111111111111111
3180,kaka,1.125
3181,kaka,2.0833333333333335
3182,kaka,0.8
3183,kaka,2.25
3184,kaka,1.0
3185,keyser,0.36363636363636365
3186,keyser,14.0
3187,keyser,2.3333333333333335
3188,keyser,5.2
3189,keyser,3.0
3190,keyser,6.0
3191,keyser,6.5
3192,keyser,1.5
3193,keyser,1.7
3194,keyser,2.6666666666666665
3195,keyser,9.0
3196,keyser,4.0
3197,keyser,5.2
3198,keyser,1.3333333333333333
3199,kid,2.5714285714285716
3200,kid,1.2857142857142858
3201,kid,0.875
3202,kid,1.7142857142857142
3203,kid,0.2857142857142857
3204,kid,0.9090909090909091
3205,kingr-,2.4
3206,kingr-,0.8571428571428571
3207,kingr-,5.2
3208,kingr-,0.8181818181818182
3209,kingr-,5.75
3210,kingteka,0.6666666666666666
3211,kingteka,0.7777777777777778
3212,kingteka,3.0
3213,kingteka,2.7777777777777777
3214,kingteka,23.0
3215,kingteka,0.75
3216,kingteka,0.5
3217,kingteka,1.0
3218,kingteka,5.833333333333333
3219,kpii,0.5714285714285714
3220,kpii,2.625
3221,kpii,6.666666666666667
3222,kpii,4.0
3223,kpii,5.2
3224,kpii,17.0
3225,kpii,2.3333333333333335
3226,kpii,1.1111111111111112
3227,kpii,1.0
3228,kpii,2.0
3229,kpii,4.666666666666667
3230,kpii,0.7142857142857143
3231,kpii,4.0
3232,kpii,2.857142857142857
3233,kpii,3.0
3234,kpii,4.714285714285714
3235,kpii,4.0
3236,kpii,2.142857142857143
3237,kpii,6.333333333333333
3238,ky xY`,15.0
3239,ky xY`,2.6666666666666665
3240,ky xY`,1.25
3241,ky xY`,2.75
3242,ky xY`,3.2
3243,ky xY`,2.142857142857143
3244,ky xY`,3.6
3245,ky xY`,1.625
3246,ky xY`,22.0
3247,ky xY`,0.5555555555555556
3248,ky xY`,3.6666666666666665
3249,ky xY`,3.6666666666666665
3250,ky xY`,2.5
3251,ky xY`,4.0
3252,ky xY`,1.2
3253,leo,1.75
3254,leo,10.0
3255,leo,0.6666666666666666
3256,lol?,1.0909090909090908
3257,lol?,2.4545454545454546
3258,lover,4.25
3259,lover,1.2
3260,lover,2.6
3261,lover,2.2857142857142856
3262,lover,7.333333333333333
3263,lover,1.1111111111111112
3264,lover,3.6363636363636362
3265,miCKe,4.5
3266,miCKe,10.0
3267,miCKe,2.4285714285714284
3268,miCKe,3.25
3269,miCKe,1.8
3270,miCKe,7.0
3271,miCKe,0.0
3272,misery,0.9
3273,misery,2.3333333333333335
3274,misery,14.5
3275,misery,1.0
3276,misery,2.5
3277,misery,4.2
3278,misery,1.7
3279,misery,2.6
3280,misery,0.6363636363636364
3281,misery,0.16666666666666666
3282,misery,0.375
3283,misery,4.8
3284,misery,3.6666666666666665
3285,misery,1.4545454545454546
3286,my,1.8
3287,my,3.142857142857143
3288,my,4.25
3289,my,0.25
3290,my,1.4444444444444444
3291,my,2.3333333333333335
3292,my,0.2857142857142857
3293,ninjaboogie,2.5
3294,ninjaboogie,2.111111111111111
3295,ninjaboogie,0.8181818181818182
3296,ninjaboogie,5.5
3297,ninjaboogie,4.333333333333333
3298,ninjaboogie,2.5
3299,ninjaboogie,1.5
3300,ninjaboogie,1.1818181818181819
3301,ninjaboogie,2.2
3302,ninjaboogie,0.875
3303,ninjaboogie,1.2222222222222223
3304,ninjaboogie,2.857142857142857
3305,ninjaboogie,1.6875
3306,ninjaboogie,1.6
3307,ninjaboogie,3.375
3308,ninjaboogie,1.0
3309,ninjaboogie,2.888888888888889
3310,ninjaboogie,0.8461538461538461
3311,ninjaboogie,1.625
3312,nongrata`,9.5
3313,nongrata`,2.9
3314,nongrata`,4.0
3315,nongrata`,1.4
3316,nongrata`,0.7272727272727273
3317,nongrata`,12.0
3318,nongrata`,3.625
3319,nongrata`,1.5333333333333334
3320,nongrata`,1.2
3321,nongrata`,1.1428571428571428
3322,nongrata`,4.5
3323,nongrata`,1.6666666666666667
3324,nongrata`,3.0
3325,nongrata`,6.333333333333333
3326,nongrata`,4.428571428571429
3327,nongrata`,5.5
3328,nongrata`,0.8888888888888888
3329,nongrata`,0.75
3330,nongrata`,13.5
3331,nongrata`,1.0
3332,nongrata`,0.875
3333,nongrata`,2.142857142857143
3334,nongrata`,0.7777777777777778
3335,nongrata`,2.2
3336,nongrata`,8.0
3337,nongrata`,3.3333333333333335
3338,nongrata`,3.857142857142857
3339,nongrata`,3.6666666666666665
3340,nongrata`,6.5
3341,nongrata`,5.4
3342,old eLeVeN,3.375
3343,old eLeVeN,3.5
3344,old eLeVeN,0.42857142857142855
3345,old eLeVeN,2.75
3346,old eLeVeN,1.8181818181818181
3347,old eLeVeN,1.9166666666666667
3348,old eLeVeN,1.2222222222222223
3349,old eLeVeN,2.0
3350,old eLeVeN,0.9166666666666666
3351,old eLeVeN,1.625
3352,old eLeVeN,0.14285714285714285
3353,old eLeVeN,2.4285714285714284
3354,old eLeVeN,1.8888888888888888
3355,old eLeVeN,1.0
3356,old eLeVeN,2.25
3357,old eLeVeN,7.0
3358,old eLeVeN,1.25
3359,old eLeVeN,1.4285714285714286
3360,old eLeVeN,10.0
3361,old eLeVeN,0.35714285714285715
3362,p4pita,1.8333333333333333
3363,p4pita,1.0
3364,p4pita,3.3333333333333335
3365,p4pita,0.5
3366,pieliedie,2.0
3367,pieliedie,2.888888888888889
3368,pieliedie,2.8
3369,pieliedie,28.0
3370,pieliedie,0.8666666666666667
3371,pieliedie,0.38461538461538464
3372,pieliedie,2.3333333333333335
3373,pieliedie,3.2
3374,pieliedie,2.3333333333333335
3375,pieliedie,1.875
3376,pieliedie,0.8333333333333334
3377,pieliedie,0.23076923076923078
3378,pieliedie,4.666666666666667
3379,pieliedie,1.3333333333333333
3380,pieliedie,6.0
3381,pieliedie,2.375
3382,pieliedie,2.375
3383,pieliedie,1.0
3384,pieliedie,0.25
3385,pieliedie,3.4
3386,pieliedie,5.75
3387,pieliedie,2.75
3388,pieliedie,0.35714285714285715
3389,pieliedie,2.4
3390,pieliedie,0.625
3391,pieliedie,1.8
3392,pieliedie,1.875
3393,pieliedie,2.090909090909091
3394,qojqva,3.0
3395,qojqva,7.5
3396,qojqva,0.9090909090909091
3397,qojqva,2.125
3398,qojqva,3.857142857142857
3399,qojqva,14.0
3400,qojqva,0.375
3401,rZs,0.375
3402,rZs,3.2857142857142856
3403,rZs,1.2857142857142858
3404,ritsu,1.4
3405,ritsu,2.3333333333333335
3406,ritsu,9.0
3407,ritsu,3.6
3408,ritsu,6.0
3409,ritsu,0.5
3410,ritsu,5.0
3411,ritsu,6.0
3412,ritsu,17.0
3413,ritsu,2.8
3414,ritsu,4.166666666666667
3415,ritsu,20.0
3416,ritsu,12.0
3417,ritsu,1.0
3418,ritsu,5.0
3419,ritsu,3.1666666666666665
3420,ritsu,1.375
3421,ritsu,4.5
3422,ritsu,19.0
3423,ritsu,2.6
3424,"roddgeee,",0.5714285714285714
3425,"roddgeee,",2.727272727272727
3426,"roddgeee,",2.142857142857143
3427,"roddgeee,",1.0909090909090908
3428,"roddgeee,",1.5
3429,"roddgeee,",1.2666666666666666
3430,"roddgeee,",1.0
3431,rtz,2.5
3432,rtz,8.666666666666666
3433,rtz,3.0
3434,rtz,1.3
3435,rtz,9.333333333333334
3436,rtz,6.0
3437,rtz,10.0
3438,rtz,1.3333333333333333
3439,rtz,7.5
3440,rtz,5.4
3441,rtz,8.0
3442,rtz,10.0
3443,rtz,9.5
3444,rtz,3.125
3445,rtz,3.0
3446,rtz,4.75
3447,rtz,3.25
3448,rtz,4.2
3449,rtz,3.0
3450,rtz,2.6
3451,rtz,5.5
3452,rtz,6.25
3453,rtz,2.875
3454,rtz,2.2
3455,rtz,6.0
3456,rtz,6.666666666666667
3457,rtz,7.0
3458,rtz,1.6
3459,rtz,2.8333333333333335
3460,rtz,5.0
3461,rtz,4.333333333333333
3462,rtz,2.4
3463,rtz,1.4444444444444444
3464,rtz,6.333333333333333
3465,rtz,7.666666666666667
3466,rtz,1.0909090909090908
3467,rtz,8.333333333333334
3468,rtz,5.25
3469,s4,3.2
3470,s4,5.75
3471,s4,3.7142857142857144
3472,s4,4.833333333333333
3473,s4,6.333333333333333
3474,s4,7.666666666666667
3475,s4,4.571428571428571
3476,s4,6.0
3477,s4,2.4
3478,s4,2.0
3479,s4,5.0
3480,s4,3.6666666666666665
3481,s4,25.0
3482,s4,15.0
3483,s4,28.0
3484,s4,11.0
3485,s4,2.090909090909091
3486,s4,11.5
3487,s4,7.0
3488,s4,1.8
3489,s4,1.5555555555555556
3490,s4,0.6666666666666666
3491,s4,2.8
3492,s4,7.0
3493,s4,1.7272727272727273
3494,s4,3.3
3495,s4,6.0
3496,s4,6.0
3497,s4,5.25
3498,s4,10.333333333333334
3499,s4,1.0
3500,s4,1.2
3501,s4,1.625
3502,s4,7.5
3503,s4,5.333333333333333
3504,s4,1.25
3505,s4,4.2
3506,s4,3.2857142857142856
3507,slad1n-,1.5714285714285714
3508,slad1n-,0.5
3509,slad1n-,1.0
3510,slad1n-,1.7
3511,slad1n-,2.3846153846153846
3512,slad1n-,6.25
3513,slad1n-,1.0
3514,slad1n-,2.2222222222222223
3515,slad1n-,4.142857142857143
3516,solen,6.75
3517,solen,0.8888888888888888
3518,solen,0.8
3519,solen,0.4
3520,solen,4.0
3521,solen,1.3571428571428572
3522,solen,1.5714285714285714
3523,super,1.4444444444444444
3524,super,2.625
3525,super,0.25
3526,tavo,2.7142857142857144
3527,tavo,3.4285714285714284
3528,tavo,6.0
3529,tavo,2.5714285714285716
3530,tavo,4.571428571428571
3531,tavo,3.75
3532,tavo,1.8
3533,tavo,5.166666666666667
3534,tavo,5.285714285714286
3535,tavo,2.0
3536,tavo,2.5
3537,tavo,6.8
3538,tavo,0.3333333333333333
3539,tavo,1.4285714285714286
3540,tavo,2.5
3541,tavo,4.8
3542,tavo,2.5714285714285716
3543,tavo,1.0
3544,tavo,2.75
3545,tavo,0.6153846153846154
3546,tavo,1.3
3547,tavo,2.1666666666666665
3548,tavo,0.5454545454545454
3549,tavo,6.25
3550,tavo,1.0
3551,tavo,1.125
3552,tavo,1.2
3553,tavo,2.4
3554,tavo,1.1111111111111112
3555,tavo,4.6
3556,tavo,6.75
3557,tw.tv/ark_dota,0.6
3558,w33,3.125
3559,w33,2.4444444444444446
3560,w33,4.4
3561,w33,0.7
3562,w33,5.8
3563,w33,1.5714285714285714
3564,w33,3.5
3565,w33,1.8888888888888888
3566,w33,14.0
3567,w33,1.0
3568,w33,2.0
3569,w33,3.75
3570,w33,1.1428571428571428
3571,w33,3.6666666666666665
3572,w33,9.0
3573,w33,3.2
3574,w33,7.5
3575,w33,2.0
3576,w33,1.375
3577,w33,1.4285714285714286
3578,w33,7.666666666666667
3579,w33,1.5
3580,w33,3.111111111111111
3581,w33,1.75
3582,w33,9.333333333333334
3583,w33,8.333333333333334
3584,w33,6.666666666666667
3585,w33,1.4545454545454546
3586,w33,4.5
3587,w33,0.8888888888888888
3588,w33,1.1666666666666667
3589,xNova,3.2
3590,xNova,2.0
3591,xNova,2.357142857142857
3592,xNova,1.875
3593,xNova,3.0
3594,xNova,1.1111111111111112
3595,xNova,1.6666666666666667
3596,xNova,6.333333333333333
3597,xNova,1.1428571428571428
3598,xNova,1.0
3599,xNova,2.6
3600,xNova,3.25
3601,xNova,1.0714285714285714
3602,xNova,1.5714285714285714
3603,xNova,4.0
3604,xNova,2.142857142857143
3605,xNova,2.6666666666666665
3606,xNova,1.3333333333333333
3607,xNova,1.625
3608,xNova,3.0
3609,xNova,1.2666666666666666
3610,xNova,6.333333333333333
3611,xNova,2.2
3612,xNova,2.6666666666666665
3613,xNova,3.25
3614,xNova,1.8333333333333333
3615,xNova,1.1
3616,xNova,2.4285714285714284
3617,xNova,2.5
3618,xNova,5.285714285714286
3619,zai,0.35714285714285715
3620,zai,4.666666666666667
3621,zai,4.666666666666667
3622,zai,12.5
3623,zai,5.5
3624,zai,4.142857142857143
3625,zai,1.6666666666666667
3626,zai,1.8181818181818181
3627,zai,0.8181818181818182
3628,zai,3.0
3629,zai,3.1666666666666665
3630,zai,1.2352941176470589
3631,zai,7.333333333333333
3632,zai,2.6
3633,zai,3.125
3634,zai,3.4285714285714284
3635,zai,3.7142857142857144
3636,zai,1.0666666666666667
3637,zai,5.0
3638,zai,1.0
3639,zai,2.8333333333333335
3640,zai,0.7777777777777778
3641,zai,2.6
3642,zai,1.3333333333333333
3643,zai,3.4
3644,zai,0.6
3645,zai,2.8
3646,zai,0.6666666666666666
3647,zai,3.4285714285714284
3648,zai,1.7142857142857142
3649,zai,7.5
3650,zai,1.7692307692307692
3651,zai,2.375
3652,zai,1.5384615384615385
3653,zai,5.333333333333333
3654,zai,1.25
3655,zai,0.36363636363636365
3656,zai,3.2222222222222223
3657,zai,1.0
3658,zai,2.142857142857143
3659,zhizhizhi,9.5
3660,zhizhizhi,0.6
3661,zhizhizhi,0.625
3662,zhizhizhi,1.2
3663,zhizhizhi,14.5
3664,zhizhizhi,3.2
3665,zhizhizhi,0.0
3666,zhizhizhi,0.875
3667,zhizhizhi,0.8888888888888888
3668,zhizhizhi,6.0
3669,zhizhizhi,5.0
3670,zhizhizhi,0.4444444444444444
3671,zhizhizhi,6.333333333333333
3672,zhizhizhi,2.0
3673,zhizhizhi,1.375
3674,zhizhizhi,4.8
3675,zhizhizhi,5.4
3676,zhizhizhi,2.2857142857142856
3677,zhizhizhi,15.0
3678,zhizhizhi,12.0
3679,zhizhizhi,0.875
3680,zhizhizhi,0.16666666666666666
3681,zhizhizhi,2.0
3682,zhizhizhi,3.6666666666666665
3683,zhizhizhi,4.0
3684,zhizhizhi,4.0
3685,| Draken-_-,2.875
3686,| Draken-_-,2.2857142857142856
3687,| Draken-_-,1.1428571428571428
3688,| Draken-_-,0.7142857142857143
3689,| Draken-_-,5.2
3690,| Draken-_-,24.0
3691,| Draken-_-,0.5
3692,| Draken-_-,1.5
3693,| Draken-_-,3.111111111111111
3694,一,1.75
3695,一,9.0
3696,一,3.3333333333333335
3697,一,1.75
3698,一,4.571428571428571
3699,剑来！,3.0
3700,剑来！,4.666666666666667
3701,剑来！,18.0
3702,剑来！,1.1428571428571428
3703,剑来！,1.7142857142857142
3704,剑来！,3.6
3705,剑来！,1.8888888888888888
3706,剑来！,0.7777777777777778
3707,剑来！,4.0
3708,剑来！,4.375
3709,剑来！,7.25
3710,剑来！,1.0
3711,天命,1.4285714285714286
3712,天命,2.8181818181818183
3713,天命,1.4444444444444444
3714,天命,3.0
3715,天命,8.5
3716,小可,4.5
3717,小可,0.45454545454545453
3718,小可,3.5
3719,小可,3.5714285714285716
3720,小可,1.5
3721,小可,3.5
3722,小可,3.8333333333333335
3723,小可,3.75
3724,小可,2.7142857142857144
3725,小可,4.333333333333333
3726,小可,6.0
3727,小可,12.0
3728,小可,4.5
3729,小可,9.666666666666666
3730,小可,4.0
3731,小可,20.0
3732,小可,3.0
3733,小可,1.0
3734,小可,3.909090909090909
3735,小可,3.5
3736,小可,1.5
3737,小可,2.6
3738,小可,14.0
3739,小可,10.5
3740,小可,3.0
3741,小可,11.5
3742,小可,27.0
3743,小可,5.666666666666667
3744,小可,5.6
3745,小可,2.375
3746,,8.666666666666666
3747,,2.5714285714285716
3748,,1.2857142857142858
3749,,2.142857142857143
3750,,1.5714285714285714
3751,,0.5
3752,,0.3333333333333333
3753,,1.5
3754,,2.1818181818181817
3755,,1.1818181818181819
3756,,0.75
3757,,0.5555555555555556
3758,,2.0
3759,,1.6666666666666667
3760,,1.75
3761,,1.8
3762,,3.0
3763,,2.0
3764,,2.2857142857142856
3765,,2.5
3766,,10.0
3767,,0.5
3768,,5.5
3769,,9.5
3770,,1.3636363636363635
3771,,4.25
3772,,2.75
3773,,0.9090909090909091
3774,,3.0
3775,,1.0
3776,,2.375
3777,,5.166666666666667
3778,,2.5
3779,,4.5
3780,,3.7142857142857144
3781,,7.2
3782,,1.8333333333333333
3783,,9.0
3784,,2.75
3785,,3.5
3786,,3.0
3787,,16.0
3788,,2.0
3789,,3.0
3790,,4.666666666666667
3791,,35.0
3792,,0.375
3793,,1.0
3794,,1.5
3795,,0.2857142857142857
3796,,0.8571428571428571
3797,,1.375
3798,,0.9
3799,,1.2857142857142858
3800,,6.5
3801,,8.0
3802,,2.5454545454545454
3803,,1.0
3804,,0.8181818181818182
3805,,1.4
3806,,4.6
3807,,0.5454545454545454
3808,,0.1111111111111111
3809,,0.125
3810,,0.8
3811,,0.625
3812,,0.5714285714285714
3813,,2.1666666666666665
3814,,6.4
3815,,3.2222222222222223
3816,,3.0
3817,,1.3333333333333333
3818,,1.0
3819,,1.1111111111111112
3820,,3.375
3821,,5.166666666666667
3822,,1.7692307692307692
3823,,1.75
3824,,6.0
3825,,8.333333333333334
3826,,0.2
3827,,0.6363636363636364
3828,,0.875
3829,,1.0
3830,,0.6666666666666666
3831,,1.2
3832,,1.2857142857142858
3833,,0.8888888888888888
3834,,1.4
3835,,2.3333333333333335
3836,,6.75
3837,,2.5714285714285716
3838,,1.2222222222222223
3839,,2.4
3840,,1.2222222222222223
3841,,0.4444444444444444
3842,,0.0
3843,,0.2
3844,,0.75
3845,,0.6666666666666666
3846,,0.9
3847,,1.7142857142857142
3848,,2.2
3849,,1.0
3850,,1.2307692307692308
3851,,1.4
3852,,1.3333333333333333
3853,,2.4285714285714284
3854,,1.3333333333333333
3855,,0.8571428571428571
3856,,2.5384615384615383
3857,,4.5
3858,,5.4
3859,,16.5
3860,,2.0
3861,,1.1111111111111112
3862,,7.5
3863,,6.0
3864,,0.5555555555555556
3865,,10.0
3866,,11.5
3867,,6.4
3868,,3.142857142857143
3869,,0.9285714285714286
3870,,3.2
3871,,2.0
3872,,1.6
3873,,0.8181818181818182
3874,,1.2222222222222223
3875,,1.8571428571428572
3876,,2.75
3877,,8.666666666666666
3878,,4.6
3879,,1.375
3880,,4.5
3881,,8.0
3882,,0.8
3883,,1.8125
3884,,1.4285714285714286
3885,,0.18181818181818182
3886,,0.875
3887,,1.625
3888,,2.111111111111111
3889,,2.7142857142857144
3890,,3.6666666666666665
3891,,1.375
3892,,1.0
3893,,3.2
3894,,4.5
3895,,2.125
3896,,1.5454545454545454
3897,,8.0
3898,,3.8
3899,,1.0
3900,,1.1428571428571428
3901,,12.0
3902,,1.8571428571428572
3903,,1.25
3904,,4.8
3905,,3.0
3906,,5.0
3907,,2.6666666666666665
3908,,4.666666666666667
3909,,1.8181818181818181
3910,,6.25
3911,,11.5
3912,,1.0
3913,,0.6666666666666666
3914,,3.8
3915,,0.5
3916,,0.7777777777777778
3917,,0.6666666666666666
3918,,0.5
3919,,2.5
3920,,3.6
3921,,5.428571428571429
3922,,7.5
3923,,1.0
3924,,1.2857142857142858
3925,,0.8888888888888888
3926,,3.5
3927,,4.428571428571429
3928,,2.6363636363636362
3929,,3.375
3930,,1.0
3931,,2.0
3932,,1.0
3933,,3.6
3934,,3.0
3935,,7.75
3936,,4.333333333333333
3937,,1.8
3938,,1.75
3939,,1.2222222222222223
3940,,2.75
3941,,1.8666666666666667
3942,,13.0
3943,,8.5
3944,,1.0
3945,,11.0
3946,,3.0
3947,,1.0
3948,,0.0
3949,,3.5
3950,,1.0
3951,,1.75
3952,,0.875
3953,,4.111111111111111
3954,,2.5384615384615383
3955,,2.0
3956,,4.6
3957,,3.0
3958,,1.1428571428571428
3959,,2.3333333333333335
3960,,1.0
3961,,7.166666666666667
3962,,1.3076923076923077
3963,,0.16666666666666666
3964,,1.6
3965,,0.5
3966,,0.75
3967,,0.8333333333333334
3968,,1.5
3969,,2.0
3970,,2.5555555555555554
3971,,0.8571428571428571
3972,,0.5
3973,,3.5
3974,,1.7272727272727273
3975,,1.8888888888888888
3976,,2.0
3977,,1.8571428571428572
3978,,1.5
3979,,3.0
3980,,1.9285714285714286
3981,,2.142857142857143
3982,,1.25
3983,,0.3333333333333333
3984,,1.6666666666666667
3985,,0.42857142857142855
3986,,4.0
3987,,1.2857142857142858
3988,,6.0
3989,,3.5714285714285716
3990,,3.0
3991,,2.0
3992,,1.1111111111111112
3993,,2.8333333333333335
3994,,2.857142857142857
3995,,2.2
3996,,4.2
3997,,1.8333333333333333
3998,,0.6
3999,,1.1428571428571428
4000,,0.7777777777777778
4001,,1.7272727272727273
4002,,3.6666666666666665
4003,,1.3333333333333333
4004,,4.666666666666667
4005,,20.0
4006,,1.4444444444444444
4007,,2.7142857142857144
4008,,4.0
4009,,1.2857142857142858
